{"abbr":"ATL","logo":"content/images/logo_atl.png","players":[{"name":"Kent Bazemore","position":"Forward-Guard","number":"#24","image":"http://ak-static.cms.nba.com/wp-content/uploads/headshots/nba/latest/260x190/203145.png","games":"73","ppg":"11.0","rpg":"3.2","apg":"2.4","height":"6' 5","weight":"201lbs","dob":"07/01/1989","priorTeam":"Old Dominion","country":"USA","yearsPro":"4"},{"name":"DeAndre' Bembry","position":"Forward-Guard","number":"#95","image":"http://ak-static.cms.nba.com/wp-content/uploads/headshots/nba/latest/260x190/1627761.png","games":"38","ppg":"2.7","rpg":"1.6","apg":"0.8","height":"6' 6","weight":"210lbs","dob":"07/04/1994","priorTeam":"St. Joseph's (PA)","country":"USA","yearsPro":"0"},{"name":"Jose Calderon","position":"Guard","number":"#13","image":"http://ak-static.cms.nba.com/wp-content/uploads/headshots/nba/latest/260x190/101181.png","games":"41","ppg":"3.4","rpg":"1.8","apg":"2.1","height":"6' 3","weight":"200lbs","dob":"09/28/1981","priorTeam":"Tau Ceramica","country":"Spain","yearsPro":"11"},{"name":"Malcolm Delaney","position":"Guard","number":"#5","image":"http://ak-static.cms.nba.com/wp-content/uploads/headshots/nba/latest/260x190/1627098.png","games":"73","ppg":"5.4","rpg":"1.7","apg":"2.6","height":"6' 3","weight":"190lbs","dob":"03/11/1989","priorTeam":"Virginia Tech","country":"USA","yearsPro":"0"},{"name":"Mike Dunleavy","position":"Guard-Forward","number":"#34","image":"http://ak-static.cms.nba.com/wp-content/uploads/headshots/nba/latest/260x190/2399.png","games":"53","ppg":"5.2","rpg":"2.2","apg":"0.9","height":"6' 9","weight":"230lbs","dob":"09/15/1980","priorTeam":"Duke","country":"USA","yearsPro":"14"},{"name":"Tim Hardaway Jr.","position":"Guard","number":"#10","image":"http://ak-static.cms.nba.com/wp-content/uploads/headshots/nba/latest/260x190/203501.png","games":"79","ppg":"14.5","rpg":"2.8","apg":"2.3","height":"6' 6","weight":"205lbs","dob":"03/16/1992","priorTeam":"Michigan","country":"USA","yearsPro":"3"},{"name":"Dwight Howard","position":"Center","number":"#8","image":"http://ak-static.cms.nba.com/wp-content/uploads/headshots/nba/latest/260x190/2730.png","games":"74","ppg":"13.5","rpg":"12.7","apg":"1.4","height":"6' 11","weight":"265lbs","dob":"12/08/1985","priorTeam":"SW Atlanta Christian Academy (GA)","country":"USA","yearsPro":"12"},{"name":"Kris Humphries","position":"Forward","number":"#43","image":"http://ak-static.cms.nba.com/wp-content/uploads/headshots/nba/latest/260x190/2743.png","games":"56","ppg":"4.6","rpg":"3.7","apg":"0.5","height":"6' 9","weight":"235lbs","dob":"02/06/1985","priorTeam":"Minnesota","country":"USA","yearsPro":"12"},{"name":"Ersan Ilyasova","position":"Forward","number":"#7","image":"http://ak-static.cms.nba.com/wp-content/uploads/headshots/nba/latest/260x190/101141.png","games":"82","ppg":"13.1","rpg":"5.9","apg":"1.7","height":"6' 10","weight":"235lbs","dob":"05/15/1987","priorTeam":"FC Barcelona","country":"Turkey","yearsPro":"8"},{"name":"Ryan Kelly","position":"Forward","number":"#30","image":"http://ak-static.cms.nba.com/wp-content/uploads/headshots/nba/latest/260x190/203527.png","games":"16","ppg":"1.6","rpg":"1.1","apg":"0.5","height":"6' 11","weight":"230lbs","dob":"04/09/1991","priorTeam":"Duke","country":"USA","yearsPro":"3"},{"name":"Paul Millsap","position":"Forward","number":"#4","image":"http://ak-static.cms.nba.com/wp-content/uploads/headshots/nba/latest/260x190/200794.png","games":"69","ppg":"18.1","rpg":"7.7","apg":"3.7","height":"6' 8","weight":"246lbs","dob":"02/10/1985","priorTeam":"Louisiana Tech","country":"USA","yearsPro":"10"},{"name":"Mike Muscala","position":"Forward-Center","number":"#31","image":"http://ak-static.cms.nba.com/wp-content/uploads/headshots/nba/latest/260x190/203488.png","games":"70","ppg":"6.2","rpg":"3.4","apg":"1.4","height":"6' 11","weight":"240lbs","dob":"07/01/1991","priorTeam":"Bucknell","country":"USA","yearsPro":"3"},{"name":"Taurean Prince","position":"Forward","number":"#12","image":"http://ak-static.cms.nba.com/wp-content/uploads/headshots/nba/latest/260x190/1627752.png","games":"59","ppg":"5.7","rpg":"2.7","apg":"0.9","height":"6' 8","weight":"220lbs","dob":"03/22/1994","priorTeam":"Baylor","country":"USA","yearsPro":"0"},{"name":"Dennis Schroder","position":"Guard","number":"#17","image":"http://ak-static.cms.nba.com/wp-content/uploads/headshots/nba/latest/260x190/203471.png","games":"79","ppg":"17.9","rpg":"3.1","apg":"6.3","height":"6' 1","weight":"172lbs","dob":"09/15/1993","priorTeam":"Germany","country":"Germany","yearsPro":"3"},{"name":"Thabo Sefolosha","position":"Forward","number":"#25","image":"http://ak-static.cms.nba.com/wp-content/uploads/headshots/nba/latest/260x190/200757.png","games":"62","ppg":"7.2","rpg":"4.4","apg":"1.7","height":"6' 7","weight":"220lbs","dob":"05/02/1984","priorTeam":"Angelico Biella","country":"Switzerland","yearsPro":"10"}]}