{"abbr":"BKN","logo":"content/images/logo_bkn.png","players":[{"name":"Quincy Acy","position":"Forward","number":"#13","image":"http://ak-static.cms.nba.com/wp-content/uploads/headshots/nba/latest/260x190/203112.png","games":"38","ppg":"5.8","rpg":"3.0","apg":"0.5","height":"6' 7","weight":"240lbs","dob":"10/06/1990","priorTeam":"Baylor","country":"USA","yearsPro":"4"},{"name":"Trevor Booker","position":"Forward","number":"#35","image":"http://ak-static.cms.nba.com/wp-content/uploads/headshots/nba/latest/260x190/202344.png","games":"71","ppg":"10.0","rpg":"8.0","apg":"1.9","height":"6' 8","weight":"228lbs","dob":"11/25/1987","priorTeam":"Clemson","country":"USA","yearsPro":"6"},{"name":"Spencer Dinwiddie","position":"Guard","number":"#8","image":"http://ak-static.cms.nba.com/wp-content/uploads/headshots/nba/latest/260x190/203915.png","games":"59","ppg":"7.3","rpg":"2.8","apg":"3.1","height":"6' 6","weight":"200lbs","dob":"04/06/1993","priorTeam":"Colorado","country":"USA","yearsPro":"2"},{"name":"Randy Foye","position":"Guard","number":"#2","image":"http://ak-static.cms.nba.com/wp-content/uploads/headshots/nba/latest/260x190/200751.png","games":"69","ppg":"5.2","rpg":"2.2","apg":"2.0","height":"6' 4","weight":"218lbs","dob":"09/24/1983","priorTeam":"Villanova","country":"USA","yearsPro":"10"},{"name":"Archie Goodwin","position":"Guard","number":"#10","image":"http://ak-static.cms.nba.com/wp-content/uploads/headshots/nba/latest/260x190/203462.png","games":"15","ppg":"7.3","rpg":"1.9","apg":"1.6","height":"6' 5","weight":"205lbs","dob":"08/17/1994","priorTeam":"Kentucky","country":"USA","yearsPro":"3"},{"name":"Justin Hamilton","position":"Center","number":"#41","image":"http://ak-static.cms.nba.com/wp-content/uploads/headshots/nba/latest/260x190/203120.png","games":"64","ppg":"6.9","rpg":"4.1","apg":"0.9","height":"7' 0","weight":"255lbs","dob":"04/01/1990","priorTeam":"Louisiana State","country":"USA","yearsPro":"2"},{"name":"Joe Harris","position":"Forward-Guard","number":"#12","image":"http://ak-static.cms.nba.com/wp-content/uploads/headshots/nba/latest/260x190/203925.png","games":"52","ppg":"8.2","rpg":"2.8","apg":"1.0","height":"6' 6","weight":"219lbs","dob":"09/06/1991","priorTeam":"Virginia","country":"USA","yearsPro":"2"},{"name":"Rondae Hollis-Jefferson","position":"Forward","number":"#24","image":"http://ak-static.cms.nba.com/wp-content/uploads/headshots/nba/latest/260x190/1626178.png","games":"78","ppg":"8.7","rpg":"5.8","apg":"2.0","height":"6' 7","weight":"214lbs","dob":"01/03/1995","priorTeam":"Arizona","country":"USA","yearsPro":"1"},{"name":"Sean Kilpatrick","position":"Guard","number":"#6","image":"http://ak-static.cms.nba.com/wp-content/uploads/headshots/nba/latest/260x190/203930.png","games":"70","ppg":"13.1","rpg":"4.0","apg":"2.2","height":"6' 4","weight":"219lbs","dob":"01/06/1990","priorTeam":"Cincinnati","country":"USA","yearsPro":"2"},{"name":"Caris LeVert","position":"Guard-Forward","number":"#22","image":"http://ak-static.cms.nba.com/wp-content/uploads/headshots/nba/latest/260x190/1627747.png","games":"57","ppg":"8.2","rpg":"3.3","apg":"1.9","height":"6' 7","weight":"203lbs","dob":"08/25/1994","priorTeam":"Michigan","country":"USA","yearsPro":"0"},{"name":"Jeremy Lin","position":"Guard","number":"#7","image":"http://ak-static.cms.nba.com/wp-content/uploads/headshots/nba/latest/260x190/202391.png","games":"36","ppg":"14.5","rpg":"3.8","apg":"5.1","height":"6' 3","weight":"200lbs","dob":"08/23/1988","priorTeam":"Harvard","country":"USA","yearsPro":"6"},{"name":"Brook Lopez","position":"Center","number":"#11","image":"http://ak-static.cms.nba.com/wp-content/uploads/headshots/nba/latest/260x190/201572.png","games":"75","ppg":"20.5","rpg":"5.4","apg":"2.3","height":"7' 0","weight":"268lbs","dob":"04/01/1988","priorTeam":"Stanford","country":"USA","yearsPro":"8"},{"name":"KJ McDaniels","position":"Guard-Forward","number":"#14","image":"http://ak-static.cms.nba.com/wp-content/uploads/headshots/nba/latest/260x190/203909.png","games":"49","ppg":"4.2","rpg":"1.7","apg":"0.3","height":"6' 6","weight":"205lbs","dob":"02/09/1993","priorTeam":"Clemson","country":"USA","yearsPro":"2"},{"name":"Andrew Nicholson","position":"Forward","number":"#44","image":"http://ak-static.cms.nba.com/wp-content/uploads/headshots/nba/latest/260x190/203094.png","games":"38","ppg":"2.6","rpg":"1.6","apg":"0.3","height":"6' 9","weight":"250lbs","dob":"12/08/1989","priorTeam":"St. Bonaventure","country":"Canada","yearsPro":"4"},{"name":"Isaiah Whitehead","position":"Guard","number":"#15","image":"http://ak-static.cms.nba.com/wp-content/uploads/headshots/nba/latest/260x190/1627785.png","games":"73","ppg":"7.4","rpg":"2.5","apg":"2.6","height":"6' 4","weight":"213lbs","dob":"03/08/1995","priorTeam":"Seton Hall","country":"USA","yearsPro":"0"}]}