{"abbr":"BOS","logo":"content/images/logo_bos.png","players":[{"name":"Avery Bradley","position":"Guard","number":"#0","image":"http://ak-static.cms.nba.com/wp-content/uploads/headshots/nba/latest/260x190/202340.png","games":"55","ppg":"16.3","rpg":"6.1","apg":"2.2","height":"6' 2","weight":"180lbs","dob":"11/26/1990","priorTeam":"Texas","country":"USA","yearsPro":"6"},{"name":"Jaylen Brown","position":"Forward","number":"#7","image":"http://ak-static.cms.nba.com/wp-content/uploads/headshots/nba/latest/260x190/1627759.png","games":"78","ppg":"6.6","rpg":"2.8","apg":"0.8","height":"6' 7","weight":"225lbs","dob":"10/24/1996","priorTeam":"California","country":"USA","yearsPro":"0"},{"name":"Jae Crowder","position":"Forward","number":"#99","image":"http://ak-static.cms.nba.com/wp-content/uploads/headshots/nba/latest/260x190/203109.png","games":"72","ppg":"13.9","rpg":"5.8","apg":"2.2","height":"6' 6","weight":"235lbs","dob":"07/06/1990","priorTeam":"Marquette","country":"USA","yearsPro":"4"},{"name":"Gerald Green","position":"Forward","number":"#30","image":"http://ak-static.cms.nba.com/wp-content/uploads/headshots/nba/latest/260x190/101123.png","games":"47","ppg":"5.6","rpg":"1.8","apg":"0.7","height":"6' 7","weight":"205lbs","dob":"01/26/1986","priorTeam":"Gulf Shores Academy (TX)","country":"USA","yearsPro":"9"},{"name":"Al Horford","position":"Center","number":"#42","image":"http://ak-static.cms.nba.com/wp-content/uploads/headshots/nba/latest/260x190/201143.png","games":"68","ppg":"14.0","rpg":"6.8","apg":"5.0","height":"6' 10","weight":"245lbs","dob":"06/03/1986","priorTeam":"Florida","country":"Dominican Republic","yearsPro":"9"},{"name":"Demetrius Jackson","position":"Guard","number":"#9","image":"http://ak-static.cms.nba.com/wp-content/uploads/headshots/nba/latest/260x190/1627743.png","games":"5","ppg":"2.0","rpg":"0.8","apg":"0.6","height":"6' 1","weight":"201lbs","dob":"09/07/1994","priorTeam":"Notre Dame","country":"USA","yearsPro":"0"},{"name":"Jonas Jerebko","position":"Forward","number":"#8","image":"http://ak-static.cms.nba.com/wp-content/uploads/headshots/nba/latest/260x190/201973.png","games":"78","ppg":"3.8","rpg":"3.5","apg":"0.9","height":"6' 10","weight":"231lbs","dob":"03/02/1987","priorTeam":"Angelico Biella","country":"Sweden","yearsPro":"6"},{"name":"Amir Johnson","position":"Forward","number":"#90","image":"http://ak-static.cms.nba.com/wp-content/uploads/headshots/nba/latest/260x190/101161.png","games":"80","ppg":"6.5","rpg":"4.6","apg":"1.8","height":"6' 9","weight":"240lbs","dob":"05/01/1987","priorTeam":"Westchester HS (Los Angeles, CA)","country":"USA","yearsPro":"11"},{"name":"Jordan Mickey","position":"Forward","number":"#55","image":"http://ak-static.cms.nba.com/wp-content/uploads/headshots/nba/latest/260x190/1626175.png","games":"25","ppg":"1.5","rpg":"1.4","apg":"0.3","height":"6' 8","weight":"235lbs","dob":"07/09/1994","priorTeam":"Louisiana State","country":"USA","yearsPro":"1"},{"name":"Kelly Olynyk","position":"Center-Forward","number":"#41","image":"http://ak-static.cms.nba.com/wp-content/uploads/headshots/nba/latest/260x190/203482.png","games":"75","ppg":"9.0","rpg":"4.8","apg":"2.0","height":"7' 0","weight":"238lbs","dob":"04/19/1991","priorTeam":"Gonzaga","country":"Canada","yearsPro":"3"},{"name":"Terry Rozier","position":"Guard","number":"#12","image":"http://ak-static.cms.nba.com/wp-content/uploads/headshots/nba/latest/260x190/1626179.png","games":"74","ppg":"5.5","rpg":"3.1","apg":"1.8","height":"6' 2","weight":"190lbs","dob":"03/17/1994","priorTeam":"Louisville","country":"USA","yearsPro":"1"},{"name":"Marcus Smart","position":"Guard","number":"#36","image":"http://ak-static.cms.nba.com/wp-content/uploads/headshots/nba/latest/260x190/203935.png","games":"79","ppg":"10.6","rpg":"3.9","apg":"4.6","height":"6' 4","weight":"220lbs","dob":"03/06/1994","priorTeam":"Oklahoma State","country":"USA","yearsPro":"2"},{"name":"Isaiah Thomas","position":"Guard","number":"#4","image":"http://ak-static.cms.nba.com/wp-content/uploads/headshots/nba/latest/260x190/202738.png","games":"76","ppg":"28.9","rpg":"2.7","apg":"5.9","height":"5' 9","weight":"185lbs","dob":"02/07/1989","priorTeam":"Washington","country":"USA","yearsPro":"5"},{"name":"James Young","position":"Guard-Forward","number":"#13","image":"http://ak-static.cms.nba.com/wp-content/uploads/headshots/nba/latest/260x190/203923.png","games":"29","ppg":"2.3","rpg":"0.9","apg":"0.1","height":"6' 6","weight":"215lbs","dob":"08/16/1995","priorTeam":"Kentucky","country":"USA","yearsPro":"2"},{"name":"Tyler Zeller","position":"Center","number":"#44","image":"http://ak-static.cms.nba.com/wp-content/uploads/headshots/nba/latest/260x190/203092.png","games":"51","ppg":"3.5","rpg":"2.4","apg":"0.8","height":"7' 0","weight":"253lbs","dob":"01/17/1990","priorTeam":"North Carolina","country":"USA","yearsPro":"4"}]}