{"abbr":"CHA","logo":"content/images/logo_cha.png","players":[{"name":"Nicolas Batum","position":"Guard","number":"#5","image":"http://ak-static.cms.nba.com/wp-content/uploads/headshots/nba/latest/260x190/201587.png","games":"77","ppg":"15.1","rpg":"6.2","apg":"5.9","height":"6' 8","weight":"200lbs","dob":"12/14/1988","priorTeam":"Le Mans","country":"France","yearsPro":"8"},{"name":"Marco Belinelli","position":"Guard-Forward","number":"#21","image":"http://ak-static.cms.nba.com/wp-content/uploads/headshots/nba/latest/260x190/201158.png","games":"74","ppg":"10.5","rpg":"2.4","apg":"2.0","height":"6' 5","weight":"210lbs","dob":"03/25/1986","priorTeam":"Fortitudo Bologna","country":"Italy","yearsPro":"9"},{"name":"Treveon Graham","position":"Guard-Forward","number":"#12","image":"http://ak-static.cms.nba.com/wp-content/uploads/headshots/nba/latest/260x190/1626203.png","games":"27","ppg":"2.1","rpg":"0.8","apg":"0.2","height":"6' 6","weight":"226lbs","dob":"10/28/1993","priorTeam":"Virginia Commonwealth","country":"USA","yearsPro":"0"},{"name":"Frank Kaminsky","position":"Center","number":"#44","image":"http://ak-static.cms.nba.com/wp-content/uploads/headshots/nba/latest/260x190/1626163.png","games":"75","ppg":"11.7","rpg":"4.5","apg":"2.2","height":"7' 0","weight":"240lbs","dob":"04/04/1993","priorTeam":"Wisconsin","country":"USA","yearsPro":"1"},{"name":"Michael Kidd-Gilchrist","position":"Forward","number":"#14","image":"http://ak-static.cms.nba.com/wp-content/uploads/headshots/nba/latest/260x190/203077.png","games":"81","ppg":"9.2","rpg":"7.0","apg":"1.4","height":"6' 7","weight":"232lbs","dob":"09/26/1993","priorTeam":"Kentucky","country":"USA","yearsPro":"4"},{"name":"Jeremy Lamb","position":"Guard","number":"#3","image":"http://ak-static.cms.nba.com/wp-content/uploads/headshots/nba/latest/260x190/203087.png","games":"62","ppg":"9.7","rpg":"4.3","apg":"1.2","height":"6' 5","weight":"185lbs","dob":"05/30/1992","priorTeam":"Connecticut","country":"USA","yearsPro":"4"},{"name":"Johnny O'Bryant III","position":"Forward-Center","number":"#8","image":"http://ak-static.cms.nba.com/wp-content/uploads/headshots/nba/latest/260x190/203948.png","games":"11","ppg":"3.5","rpg":"1.7","apg":"0.5","height":"6' 9","weight":"257lbs","dob":"06/01/1993","priorTeam":"Louisiana State","country":"USA","yearsPro":"2"},{"name":"Miles Plumlee","position":"Center","number":"#18","image":"http://ak-static.cms.nba.com/wp-content/uploads/headshots/nba/latest/260x190/203101.png","games":"45","ppg":"2.5","rpg":"2.1","apg":"0.5","height":"6' 11","weight":"249lbs","dob":"09/01/1988","priorTeam":"Duke","country":"USA","yearsPro":"4"},{"name":"Brian Roberts","position":"Guard","number":"#22","image":"http://ak-static.cms.nba.com/wp-content/uploads/headshots/nba/latest/260x190/203148.png","games":"41","ppg":"3.5","rpg":"1.0","apg":"1.3","height":"6' 1","weight":"173lbs","dob":"12/03/1985","priorTeam":"Dayton","country":"USA","yearsPro":"4"},{"name":"Ramon Sessions","position":"Guard","number":"#7","image":"http://ak-static.cms.nba.com/wp-content/uploads/headshots/nba/latest/260x190/201196.png","games":"50","ppg":"6.2","rpg":"1.5","apg":"2.6","height":"6' 3","weight":"190lbs","dob":"04/11/1986","priorTeam":"Nevada","country":"USA","yearsPro":"9"},{"name":"Kemba Walker","position":"Guard","number":"#15","image":"http://ak-static.cms.nba.com/wp-content/uploads/headshots/nba/latest/260x190/202689.png","games":"79","ppg":"23.2","rpg":"3.9","apg":"5.5","height":"6' 1","weight":"184lbs","dob":"05/08/1990","priorTeam":"Connecticut","country":"USA","yearsPro":"5"},{"name":"Briante Weber","position":"Guard","number":"#0","image":"http://ak-static.cms.nba.com/wp-content/uploads/headshots/nba/latest/260x190/1627362.png","games":"20","ppg":"3.1","rpg":"1.3","apg":"1.1","height":"6' 2","weight":"165lbs","dob":"12/29/1992","priorTeam":"Virginia Commonwealth","country":"USA","yearsPro":"1"},{"name":"Marvin Williams","position":"Forward","number":"#2","image":"http://ak-static.cms.nba.com/wp-content/uploads/headshots/nba/latest/260x190/101107.png","games":"76","ppg":"11.2","rpg":"6.6","apg":"1.4","height":"6' 9","weight":"237lbs","dob":"06/19/1986","priorTeam":"North Carolina","country":"USA","yearsPro":"11"},{"name":"Christian Wood","position":"Forward","number":"#35","image":"http://ak-static.cms.nba.com/wp-content/uploads/headshots/nba/latest/260x190/1626174.png","games":"13","ppg":"2.7","rpg":"2.2","apg":"0.2","height":"6' 11","weight":"220lbs","dob":"09/27/1995","priorTeam":"Nevada-Las Vegas","country":"USA","yearsPro":"1"},{"name":"Cody Zeller","position":"Center","number":"#40","image":"http://ak-static.cms.nba.com/wp-content/uploads/headshots/nba/latest/260x190/203469.png","games":"62","ppg":"10.3","rpg":"6.5","apg":"1.6","height":"7' 0","weight":"240lbs","dob":"10/05/1992","priorTeam":"Indiana","country":"USA","yearsPro":"3"}]}