{"abbr":"CHI","logo":"content/images/logo_chi.png","players":[{"name":"Jimmy Butler","position":"Forward","number":"#21","image":"http://ak-static.cms.nba.com/wp-content/uploads/headshots/nba/latest/260x190/202710.png","games":"76","ppg":"23.9","rpg":"6.2","apg":"5.5","height":"6' 7","weight":"231lbs","dob":"09/14/1989","priorTeam":"Marquette","country":"USA","yearsPro":"5"},{"name":"Isaiah Canaan","position":"Guard","number":"#0","image":"http://ak-static.cms.nba.com/wp-content/uploads/headshots/nba/latest/260x190/203477.png","games":"39","ppg":"4.6","rpg":"1.3","apg":"0.9","height":"6' 0","weight":"201lbs","dob":"05/21/1991","priorTeam":"Murray State","country":"USA","yearsPro":"3"},{"name":"Michael Carter-Williams","position":"Guard","number":"#7","image":"http://ak-static.cms.nba.com/wp-content/uploads/headshots/nba/latest/260x190/203487.png","games":"45","ppg":"6.6","rpg":"3.4","apg":"2.5","height":"6' 6","weight":"190lbs","dob":"10/10/1991","priorTeam":"Syracuse","country":"USA","yearsPro":"3"},{"name":"Cristiano Felicio","position":"Forward-Center","number":"#6","image":"http://ak-static.cms.nba.com/wp-content/uploads/headshots/nba/latest/260x190/1626245.png","games":"66","ppg":"4.8","rpg":"4.7","apg":"0.6","height":"6' 9","weight":"266lbs","dob":"07/07/1992","priorTeam":"Brazil","country":"Brazil","yearsPro":"1"},{"name":"Jerian Grant","position":"Guard","number":"#2","image":"http://ak-static.cms.nba.com/wp-content/uploads/headshots/nba/latest/260x190/1626170.png","games":"63","ppg":"5.9","rpg":"1.8","apg":"1.9","height":"6' 4","weight":"198lbs","dob":"10/09/1992","priorTeam":"Notre Dame","country":"USA","yearsPro":"1"},{"name":"Joffrey Lauvergne","position":"Center-Forward","number":"#77","image":"http://ak-static.cms.nba.com/wp-content/uploads/headshots/nba/latest/260x190/203530.png","games":"70","ppg":"5.4","rpg":"3.6","apg":"1.0","height":"6' 11","weight":"220lbs","dob":"09/30/1991","priorTeam":"BC Khimki","country":"France","yearsPro":"2"},{"name":"Robin Lopez","position":"Center","number":"#8","image":"http://ak-static.cms.nba.com/wp-content/uploads/headshots/nba/latest/260x190/201577.png","games":"81","ppg":"10.4","rpg":"6.4","apg":"1.0","height":"7' 0","weight":"255lbs","dob":"04/01/1988","priorTeam":"Stanford","country":"USA","yearsPro":"8"},{"name":"Nikola Mirotic","position":"Forward","number":"#44","image":"http://ak-static.cms.nba.com/wp-content/uploads/headshots/nba/latest/260x190/202703.png","games":"70","ppg":"10.6","rpg":"5.5","apg":"1.1","height":"6' 10","weight":"238lbs","dob":"02/11/1991","priorTeam":"Montenegro","country":"Montenegro","yearsPro":"2"},{"name":"Anthony Morrow","position":"Guard","number":"#11","image":"http://ak-static.cms.nba.com/wp-content/uploads/headshots/nba/latest/260x190/201627.png","games":"49","ppg":"5.5","rpg":"0.6","apg":"0.5","height":"6' 5","weight":"210lbs","dob":"09/27/1985","priorTeam":"Georgia Tech","country":"USA","yearsPro":"8"},{"name":"Cameron Payne","position":"Guard","number":"#22","image":"http://ak-static.cms.nba.com/wp-content/uploads/headshots/nba/latest/260x190/1626166.png","games":"31","ppg":"5.2","rpg":"1.5","apg":"1.8","height":"6' 3","weight":"185lbs","dob":"08/08/1994","priorTeam":"Murray State","country":"USA","yearsPro":"1"},{"name":"Bobby Portis","position":"Forward","number":"#5","image":"http://ak-static.cms.nba.com/wp-content/uploads/headshots/nba/latest/260x190/1626171.png","games":"64","ppg":"6.8","rpg":"4.6","apg":"0.5","height":"6' 11","weight":"246lbs","dob":"02/10/1995","priorTeam":"Arkansas","country":"USA","yearsPro":"1"},{"name":"Rajon Rondo","position":"Guard","number":"#9","image":"http://ak-static.cms.nba.com/wp-content/uploads/headshots/nba/latest/260x190/200765.png","games":"69","ppg":"7.8","rpg":"5.1","apg":"6.7","height":"6' 1","weight":"186lbs","dob":"02/22/1986","priorTeam":"Kentucky","country":"USA","yearsPro":"10"},{"name":"Denzel Valentine","position":"Guard","number":"#45","image":"http://ak-static.cms.nba.com/wp-content/uploads/headshots/nba/latest/260x190/1627756.png","games":"57","ppg":"5.1","rpg":"2.6","apg":"1.1","height":"6' 6","weight":"212lbs","dob":"11/16/1993","priorTeam":"Michigan State","country":"USA","yearsPro":"0"},{"name":"Dwyane Wade","position":"Guard","number":"#3","image":"http://ak-static.cms.nba.com/wp-content/uploads/headshots/nba/latest/260x190/2548.png","games":"60","ppg":"18.3","rpg":"4.5","apg":"3.8","height":"6' 4","weight":"220lbs","dob":"01/17/1982","priorTeam":"Marquette","country":"USA","yearsPro":"13"},{"name":"Paul Zipser","position":"Forward","number":"#16","image":"http://ak-static.cms.nba.com/wp-content/uploads/headshots/nba/latest/260x190/1627835.png","games":"44","ppg":"5.5","rpg":"2.8","apg":"0.8","height":"6' 8","weight":"210lbs","dob":"02/18/1994","priorTeam":"Germany","country":"Germany","yearsPro":"0"}]}