{"abbr":"CLE","logo":"content/images/logo_cle.png","players":[{"name":"Kay Felder","position":"Guard","number":"#20","image":"http://ak-static.cms.nba.com/wp-content/uploads/headshots/nba/latest/260x190/1627770.png","games":"42","ppg":"4.0","rpg":"1.0","apg":"1.4","height":"5' 9","weight":"176lbs","dob":"03/29/1995","priorTeam":"Oakland University (MI)","country":"USA","yearsPro":"0"},{"name":"Channing Frye","position":"Forward","number":"#8","image":"http://ak-static.cms.nba.com/wp-content/uploads/headshots/nba/latest/260x190/101112.png","games":"74","ppg":"9.1","rpg":"3.9","apg":"0.6","height":"6' 11","weight":"255lbs","dob":"05/17/1983","priorTeam":"Arizona","country":"USA","yearsPro":"10"},{"name":"Kyrie Irving","position":"Guard","number":"#2","image":"http://ak-static.cms.nba.com/wp-content/uploads/headshots/nba/latest/260x190/202681.png","games":"72","ppg":"25.2","rpg":"3.2","apg":"5.8","height":"6' 3","weight":"193lbs","dob":"03/23/1992","priorTeam":"Duke","country":"Australia","yearsPro":"5"},{"name":"LeBron James","position":"Forward","number":"#23","image":"http://ak-static.cms.nba.com/wp-content/uploads/headshots/nba/latest/260x190/2544.png","games":"74","ppg":"26.4","rpg":"8.6","apg":"8.7","height":"6' 8","weight":"250lbs","dob":"12/30/1984","priorTeam":"St. Vincent-St. Mary HS (OH)","country":"USA","yearsPro":"13"},{"name":"Richard Jefferson","position":"Forward","number":"#24","image":"http://ak-static.cms.nba.com/wp-content/uploads/headshots/nba/latest/260x190/2210.png","games":"79","ppg":"5.7","rpg":"2.6","apg":"1.0","height":"6' 7","weight":"233lbs","dob":"06/21/1980","priorTeam":"Arizona","country":"USA","yearsPro":"15"},{"name":"Dahntay Jones","position":"Guard-Forward","number":"#30","image":"http://ak-static.cms.nba.com/wp-content/uploads/headshots/nba/latest/260x190/2563.png","games":"1","ppg":"9.0","rpg":"2.0","apg":"1.0","height":"6' 6","weight":"225lbs","dob":"12/27/1980","priorTeam":"Duke","country":"USA","yearsPro":"12"},{"name":"James Jones","position":"Guard-Forward","number":"#1","image":"http://ak-static.cms.nba.com/wp-content/uploads/headshots/nba/latest/260x190/2592.png","games":"48","ppg":"2.8","rpg":"0.8","apg":"0.3","height":"6' 8","weight":"218lbs","dob":"10/04/1980","priorTeam":"Miami (Fla.)","country":"USA","yearsPro":"13"},{"name":"Kyle Korver","position":"Guard","number":"#26","image":"http://ak-static.cms.nba.com/wp-content/uploads/headshots/nba/latest/260x190/2594.png","games":"67","ppg":"10.1","rpg":"2.8","apg":"1.6","height":"6' 7","weight":"212lbs","dob":"03/17/1981","priorTeam":"Creighton","country":"USA","yearsPro":"13"},{"name":"Kevin Love","position":"Forward","number":"#0","image":"http://ak-static.cms.nba.com/wp-content/uploads/headshots/nba/latest/260x190/201567.png","games":"60","ppg":"19.0","rpg":"11.1","apg":"1.9","height":"6' 10","weight":"251lbs","dob":"09/07/1988","priorTeam":"UCLA","country":"USA","yearsPro":"8"},{"name":"Iman Shumpert","position":"Guard","number":"#4","image":"http://ak-static.cms.nba.com/wp-content/uploads/headshots/nba/latest/260x190/202697.png","games":"76","ppg":"7.5","rpg":"2.9","apg":"1.4","height":"6' 5","weight":"220lbs","dob":"06/26/1990","priorTeam":"Georgia Tech","country":"USA","yearsPro":"5"},{"name":"JR Smith","position":"Guard","number":"#5","image":"http://ak-static.cms.nba.com/wp-content/uploads/headshots/nba/latest/260x190/2747.png","games":"41","ppg":"8.6","rpg":"2.8","apg":"1.5","height":"6' 6","weight":"225lbs","dob":"09/09/1985","priorTeam":"St. Benedict's Prep (Newark, NJ)","country":"USA","yearsPro":"12"},{"name":"Edy Tavares","position":"Center","number":"#40","image":"http://ak-static.cms.nba.com/wp-content/uploads/headshots/nba/latest/260x190/204002.png","games":"2","ppg":"4.0","rpg":"5.5","apg":"0.5","height":"7' 3","weight":"265lbs","dob":"03/22/1992","priorTeam":"Gran Canaria [Spain]","country":"Cape Verde","yearsPro":"1"},{"name":"Tristan Thompson","position":"Center","number":"#13","image":"http://ak-static.cms.nba.com/wp-content/uploads/headshots/nba/latest/260x190/202684.png","games":"78","ppg":"8.1","rpg":"9.2","apg":"1.0","height":"6' 9","weight":"238lbs","dob":"03/13/1991","priorTeam":"Texas","country":"Canada","yearsPro":"5"},{"name":"Deron Williams","position":"Guard","number":"#31","image":"http://ak-static.cms.nba.com/wp-content/uploads/headshots/nba/latest/260x190/101114.png","games":"64","ppg":"11.0","rpg":"2.3","apg":"5.6","height":"6' 3","weight":"200lbs","dob":"06/26/1984","priorTeam":"Illinois","country":"USA","yearsPro":"11"},{"name":"Derrick Williams","position":"Forward","number":"#3","image":"http://ak-static.cms.nba.com/wp-content/uploads/headshots/nba/latest/260x190/202682.png","games":"50","ppg":"6.1","rpg":"2.6","apg":"0.6","height":"6' 8","weight":"240lbs","dob":"05/25/1991","priorTeam":"Arizona","country":"USA","yearsPro":"5"}]}