{"abbr":"DEN","logo":"content/images/logo_den.png","players":[{"name":"Darrell Arthur","position":"Forward","number":"#00","image":"http://ak-static.cms.nba.com/wp-content/uploads/headshots/nba/latest/260x190/201589.png","games":"41","ppg":"6.4","rpg":"2.7","apg":"1.0","height":"6' 9","weight":"235lbs","dob":"03/25/1988","priorTeam":"Kansas","country":"USA","yearsPro":"7"},{"name":"Will Barton","position":"Guard-Forward","number":"#5","image":"http://ak-static.cms.nba.com/wp-content/uploads/headshots/nba/latest/260x190/203115.png","games":"60","ppg":"13.7","rpg":"4.3","apg":"3.4","height":"6' 6","weight":"175lbs","dob":"01/06/1991","priorTeam":"Memphis","country":"USA","yearsPro":"4"},{"name":"Malik Beasley","position":"Guard","number":"#25","image":"http://ak-static.cms.nba.com/wp-content/uploads/headshots/nba/latest/260x190/1627736.png","games":"23","ppg":"3.6","rpg":"0.7","apg":"0.5","height":"6' 5","weight":"196lbs","dob":"11/26/1996","priorTeam":"Florida State","country":"USA","yearsPro":"0"},{"name":"Wilson Chandler","position":"Forward","number":"#21","image":"http://ak-static.cms.nba.com/wp-content/uploads/headshots/nba/latest/260x190/201163.png","games":"71","ppg":"15.7","rpg":"6.5","apg":"2.0","height":"6' 8","weight":"225lbs","dob":"05/10/1987","priorTeam":"DePaul","country":"USA","yearsPro":"8"},{"name":"Kenneth Faried","position":"Forward","number":"#35","image":"http://ak-static.cms.nba.com/wp-content/uploads/headshots/nba/latest/260x190/202702.png","games":"61","ppg":"9.6","rpg":"7.6","apg":"0.9","height":"6' 8","weight":"228lbs","dob":"11/19/1989","priorTeam":"Morehead State","country":"USA","yearsPro":"5"},{"name":"Danilo Gallinari","position":"Forward","number":"#8","image":"http://ak-static.cms.nba.com/wp-content/uploads/headshots/nba/latest/260x190/201568.png","games":"63","ppg":"18.2","rpg":"5.2","apg":"2.1","height":"6' 10","weight":"225lbs","dob":"08/08/1988","priorTeam":"Olimpia Milano","country":"Italy","yearsPro":"7"},{"name":"Gary Harris","position":"Guard","number":"#14","image":"http://ak-static.cms.nba.com/wp-content/uploads/headshots/nba/latest/260x190/203914.png","games":"57","ppg":"14.9","rpg":"3.1","apg":"2.9","height":"6' 4","weight":"210lbs","dob":"09/14/1994","priorTeam":"Michigan State","country":"USA","yearsPro":"2"},{"name":"Juan Hernangomez","position":"Forward","number":"#41","image":"http://ak-static.cms.nba.com/wp-content/uploads/headshots/nba/latest/260x190/1627823.png","games":"62","ppg":"4.9","rpg":"3.0","apg":"0.5","height":"6' 9","weight":"230lbs","dob":"09/28/1995","priorTeam":"Spain","country":"Spain","yearsPro":"0"},{"name":"Roy Hibbert","position":"Center","number":"#34","image":"http://ak-static.cms.nba.com/wp-content/uploads/headshots/nba/latest/260x190/201579.png","games":"48","ppg":"4.6","rpg":"3.2","apg":"0.4","height":"7' 2","weight":"270lbs","dob":"12/11/1986","priorTeam":"Georgetown","country":"USA","yearsPro":"8"},{"name":"Nikola Jokic","position":"Forward-Center","number":"#15","image":"http://ak-static.cms.nba.com/wp-content/uploads/headshots/nba/latest/260x190/203999.png","games":"73","ppg":"16.7","rpg":"9.8","apg":"4.9","height":"6' 10","weight":"250lbs","dob":"02/19/1995","priorTeam":"KK Mega Vizura","country":"Serbia","yearsPro":"1"},{"name":"Mike Miller","position":"Guard-Forward","number":"#3","image":"http://ak-static.cms.nba.com/wp-content/uploads/headshots/nba/latest/260x190/2034.png","games":"20","ppg":"1.4","rpg":"1.9","apg":"1.1","height":"6' 8","weight":"218lbs","dob":"02/19/1980","priorTeam":"Florida","country":"USA","yearsPro":"16"},{"name":"Emmanuel Mudiay","position":"Guard","number":"#0","image":"http://ak-static.cms.nba.com/wp-content/uploads/headshots/nba/latest/260x190/1626144.png","games":"55","ppg":"11.0","rpg":"3.2","apg":"3.9","height":"6' 5","weight":"200lbs","dob":"03/05/1996","priorTeam":"Guangdong","country":"DRC","yearsPro":"1"},{"name":"Jamal Murray","position":"Guard","number":"#27","image":"http://ak-static.cms.nba.com/wp-content/uploads/headshots/nba/latest/260x190/1627750.png","games":"82","ppg":"9.9","rpg":"2.6","apg":"2.1","height":"6' 4","weight":"207lbs","dob":"02/23/1997","priorTeam":"Kentucky","country":"Canada","yearsPro":"0"},{"name":"Jameer Nelson","position":"Guard","number":"#1","image":"http://ak-static.cms.nba.com/wp-content/uploads/headshots/nba/latest/260x190/2749.png","games":"75","ppg":"9.2","rpg":"2.6","apg":"5.1","height":"6' 0","weight":"190lbs","dob":"02/09/1982","priorTeam":"Saint Joseph's","country":"USA","yearsPro":"12"},{"name":"Mason Plumlee","position":"Center","number":"#24","image":"http://ak-static.cms.nba.com/wp-content/uploads/headshots/nba/latest/260x190/203486.png","games":"81","ppg":"10.4","rpg":"7.5","apg":"3.5","height":"6' 11","weight":"255lbs","dob":"03/05/1990","priorTeam":"Duke","country":"USA","yearsPro":"3"}]}