{"abbr":"DET","logo":"content/images/logo_det.png","players":[{"name":"Aron Baynes","position":"Center-Forward","number":"#12","image":"http://ak-static.cms.nba.com/wp-content/uploads/headshots/nba/latest/260x190/203382.png","games":"75","ppg":"4.9","rpg":"4.4","apg":"0.4","height":"6' 10","weight":"260lbs","dob":"12/09/1986","priorTeam":"Washington State","country":"Australia","yearsPro":"4"},{"name":"Reggie Bullock","position":"Forward","number":"#25","image":"http://ak-static.cms.nba.com/wp-content/uploads/headshots/nba/latest/260x190/203493.png","games":"31","ppg":"4.5","rpg":"2.1","apg":"0.9","height":"6' 7","weight":"205lbs","dob":"03/16/1991","priorTeam":"North Carolina","country":"USA","yearsPro":"3"},{"name":"Kentavious Caldwell-Pope","position":"Guard","number":"#5","image":"http://ak-static.cms.nba.com/wp-content/uploads/headshots/nba/latest/260x190/203484.png","games":"76","ppg":"13.8","rpg":"3.3","apg":"2.5","height":"6' 5","weight":"205lbs","dob":"02/18/1993","priorTeam":"Georgia","country":"USA","yearsPro":"3"},{"name":"Andre Drummond","position":"Center","number":"#0","image":"http://ak-static.cms.nba.com/wp-content/uploads/headshots/nba/latest/260x190/203083.png","games":"81","ppg":"13.6","rpg":"13.8","apg":"1.1","height":"6' 11","weight":"279lbs","dob":"08/10/1993","priorTeam":"Connecticut","country":"USA","yearsPro":"4"},{"name":"Henry Ellenson","position":"Forward","number":"#8","image":"http://ak-static.cms.nba.com/wp-content/uploads/headshots/nba/latest/260x190/1627740.png","games":"19","ppg":"3.2","rpg":"2.2","apg":"0.4","height":"6' 11","weight":"245lbs","dob":"01/13/1997","priorTeam":"Marquette","country":"USA","yearsPro":"0"},{"name":"Michael Gbinije","position":"Guard-Forward","number":"#9","image":"http://ak-static.cms.nba.com/wp-content/uploads/headshots/nba/latest/260x190/1627771.png","games":"9","ppg":"0.4","rpg":"0.3","apg":"0.2","height":"6' 7","weight":"200lbs","dob":"06/05/1992","priorTeam":"Syracuse","country":"USA","yearsPro":"0"},{"name":"Tobias Harris","position":"Forward","number":"#34","image":"http://ak-static.cms.nba.com/wp-content/uploads/headshots/nba/latest/260x190/202699.png","games":"82","ppg":"16.1","rpg":"5.1","apg":"1.7","height":"6' 9","weight":"235lbs","dob":"07/15/1992","priorTeam":"Tennessee","country":"USA","yearsPro":"5"},{"name":"Darrun Hilliard","position":"Guard-Forward","number":"#6","image":"http://ak-static.cms.nba.com/wp-content/uploads/headshots/nba/latest/260x190/1626199.png","games":"39","ppg":"3.3","rpg":"0.8","apg":"0.8","height":"6' 6","weight":"205lbs","dob":"04/13/1993","priorTeam":"Villanova","country":"USA","yearsPro":"1"},{"name":"Reggie Jackson","position":"Guard","number":"#1","image":"http://ak-static.cms.nba.com/wp-content/uploads/headshots/nba/latest/260x190/202704.png","games":"52","ppg":"14.5","rpg":"2.2","apg":"5.2","height":"6' 3","weight":"208lbs","dob":"04/16/1990","priorTeam":"Boston College","country":"USA","yearsPro":"5"},{"name":"Stanley Johnson","position":"Forward","number":"#7","image":"http://ak-static.cms.nba.com/wp-content/uploads/headshots/nba/latest/260x190/1626169.png","games":"77","ppg":"4.4","rpg":"2.5","apg":"1.4","height":"6' 7","weight":"245lbs","dob":"05/29/1996","priorTeam":"Arizona","country":"USA","yearsPro":"1"},{"name":"Jon Leuer","position":"Forward","number":"#30","image":"http://ak-static.cms.nba.com/wp-content/uploads/headshots/nba/latest/260x190/202720.png","games":"75","ppg":"10.2","rpg":"5.4","apg":"1.5","height":"6' 10","weight":"228lbs","dob":"05/14/1989","priorTeam":"Wisconsin","country":"USA","yearsPro":"5"},{"name":"Boban Marjanovic","position":"Center","number":"#51","image":"http://ak-static.cms.nba.com/wp-content/uploads/headshots/nba/latest/260x190/1626246.png","games":"35","ppg":"5.5","rpg":"3.7","apg":"0.3","height":"7' 3","weight":"290lbs","dob":"08/15/1988","priorTeam":"Serbia","country":"Serbia","yearsPro":"1"},{"name":"Marcus Morris","position":"Forward","number":"#13","image":"http://ak-static.cms.nba.com/wp-content/uploads/headshots/nba/latest/260x190/202694.png","games":"79","ppg":"14.0","rpg":"4.6","apg":"2.0","height":"6' 9","weight":"235lbs","dob":"09/02/1989","priorTeam":"Kansas","country":"USA","yearsPro":"5"},{"name":"Ish Smith","position":"Guard","number":"#14","image":"http://ak-static.cms.nba.com/wp-content/uploads/headshots/nba/latest/260x190/202397.png","games":"81","ppg":"9.4","rpg":"2.9","apg":"5.2","height":"6' 0","weight":"175lbs","dob":"07/05/1988","priorTeam":"Wake Forest","country":"USA","yearsPro":"6"},{"name":"Beno Udrih","position":"Guard","number":"#19","image":"http://ak-static.cms.nba.com/wp-content/uploads/headshots/nba/latest/260x190/2757.png","games":"39","ppg":"5.8","rpg":"1.5","apg":"3.4","height":"6' 3","weight":"205lbs","dob":"07/05/1982","priorTeam":"Breil Milano","country":"Slovenia","yearsPro":"12"}]}