{"abbr":"GS","logo":"content/images/logo_gs.png","players":[{"name":"Matt Barnes","position":"Forward","number":"#22","image":"http://ak-static.cms.nba.com/wp-content/uploads/headshots/nba/latest/260x190/2440.png","games":"74","ppg":"7.1","rpg":"5.2","apg":"2.6","height":"6' 7","weight":"226lbs","dob":"03/09/1980","priorTeam":"UCLA","country":"USA","yearsPro":"13"},{"name":"Ian Clark","position":"Guard","number":"#21","image":"http://ak-static.cms.nba.com/wp-content/uploads/headshots/nba/latest/260x190/203546.png","games":"77","ppg":"6.8","rpg":"1.6","apg":"1.2","height":"6' 3","weight":"175lbs","dob":"03/07/1991","priorTeam":"Belmont University","country":"USA","yearsPro":"3"},{"name":"Stephen Curry","position":"Guard","number":"#30","image":"http://ak-static.cms.nba.com/wp-content/uploads/headshots/nba/latest/260x190/201939.png","games":"79","ppg":"25.3","rpg":"4.5","apg":"6.6","height":"6' 3","weight":"190lbs","dob":"03/14/1988","priorTeam":"Davidson","country":"USA","yearsPro":"7"},{"name":"Kevin Durant","position":"Forward","number":"#35","image":"http://ak-static.cms.nba.com/wp-content/uploads/headshots/nba/latest/260x190/201142.png","games":"62","ppg":"25.1","rpg":"8.3","apg":"4.8","height":"6' 9","weight":"240lbs","dob":"09/29/1988","priorTeam":"Texas","country":"USA","yearsPro":"9"},{"name":"Draymond Green","position":"Forward","number":"#23","image":"http://ak-static.cms.nba.com/wp-content/uploads/headshots/nba/latest/260x190/203110.png","games":"76","ppg":"10.2","rpg":"7.9","apg":"7.0","height":"6' 7","weight":"230lbs","dob":"03/04/1990","priorTeam":"Michigan State","country":"USA","yearsPro":"4"},{"name":"Andre Iguodala","position":"Guard-Forward","number":"#9","image":"http://ak-static.cms.nba.com/wp-content/uploads/headshots/nba/latest/260x190/2738.png","games":"76","ppg":"7.6","rpg":"4.0","apg":"3.4","height":"6' 6","weight":"215lbs","dob":"01/28/1984","priorTeam":"Arizona","country":"USA","yearsPro":"12"},{"name":"Damian Jones","position":"Center","number":"#15","image":"http://ak-static.cms.nba.com/wp-content/uploads/headshots/nba/latest/260x190/1627745.png","games":"10","ppg":"1.9","rpg":"2.3","apg":"0.0","height":"7' 0","weight":"245lbs","dob":"06/30/1995","priorTeam":"Vanderbilt","country":"USA","yearsPro":"0"},{"name":"Shaun Livingston","position":"Guard","number":"#34","image":"http://ak-static.cms.nba.com/wp-content/uploads/headshots/nba/latest/260x190/2733.png","games":"76","ppg":"5.1","rpg":"2.0","apg":"1.8","height":"6' 7","weight":"192lbs","dob":"09/11/1985","priorTeam":"Peoria Central HS (IL)","country":"USA","yearsPro":"11"},{"name":"Kevon Looney","position":"Forward","number":"#5","image":"http://ak-static.cms.nba.com/wp-content/uploads/headshots/nba/latest/260x190/1626172.png","games":"53","ppg":"2.5","rpg":"2.3","apg":"0.5","height":"6' 9","weight":"220lbs","dob":"02/06/1996","priorTeam":"UCLA","country":"USA","yearsPro":"1"},{"name":"James Michael McAdoo","position":"Forward","number":"#20","image":"http://ak-static.cms.nba.com/wp-content/uploads/headshots/nba/latest/260x190/203949.png","games":"52","ppg":"2.8","rpg":"1.7","apg":"0.3","height":"6' 9","weight":"240lbs","dob":"01/04/1993","priorTeam":"North Carolina","country":"USA","yearsPro":"2"},{"name":"Patrick McCaw","position":"Guard","number":"#0","image":"http://ak-static.cms.nba.com/wp-content/uploads/headshots/nba/latest/260x190/1627775.png","games":"71","ppg":"4.0","rpg":"1.4","apg":"1.1","height":"6' 7","weight":"185lbs","dob":"10/25/1995","priorTeam":"Nevada-Las Vegas","country":"USA","yearsPro":"0"},{"name":"JaVale McGee","position":"Center","number":"#1","image":"http://ak-static.cms.nba.com/wp-content/uploads/headshots/nba/latest/260x190/201580.png","games":"77","ppg":"6.1","rpg":"3.2","apg":"0.2","height":"7' 0","weight":"270lbs","dob":"01/19/1988","priorTeam":"Nevada","country":"USA","yearsPro":"8"},{"name":"Zaza Pachulia","position":"Center","number":"#27","image":"http://ak-static.cms.nba.com/wp-content/uploads/headshots/nba/latest/260x190/2585.png","games":"70","ppg":"6.1","rpg":"5.9","apg":"1.9","height":"6' 11","weight":"275lbs","dob":"02/10/1984","priorTeam":"Ulkerspor","country":"Georgia","yearsPro":"13"},{"name":"Klay Thompson","position":"Guard","number":"#11","image":"http://ak-static.cms.nba.com/wp-content/uploads/headshots/nba/latest/260x190/202691.png","games":"78","ppg":"22.3","rpg":"3.7","apg":"2.1","height":"6' 7","weight":"215lbs","dob":"02/08/1990","priorTeam":"Washington State","country":"USA","yearsPro":"5"},{"name":"David West","position":"Forward","number":"#3","image":"http://ak-static.cms.nba.com/wp-content/uploads/headshots/nba/latest/260x190/2561.png","games":"68","ppg":"4.6","rpg":"3.0","apg":"2.2","height":"6' 9","weight":"250lbs","dob":"08/29/1980","priorTeam":"Xavier (Ohio)","country":"USA","yearsPro":"13"}]}