{"abbr":"HOU","logo":"content/images/logo_hou.png","players":[{"name":"Ryan Anderson","position":"Forward","number":"#3","image":"http://ak-static.cms.nba.com/wp-content/uploads/headshots/nba/latest/260x190/201583.png","games":"72","ppg":"13.6","rpg":"4.6","apg":"0.9","height":"6' 10","weight":"240lbs","dob":"05/06/1988","priorTeam":"California","country":"USA","yearsPro":"8"},{"name":"Trevor Ariza","position":"Forward","number":"#1","image":"http://ak-static.cms.nba.com/wp-content/uploads/headshots/nba/latest/260x190/2772.png","games":"80","ppg":"11.7","rpg":"5.7","apg":"2.2","height":"6' 8","weight":"215lbs","dob":"06/30/1985","priorTeam":"UCLA","country":"USA","yearsPro":"12"},{"name":"Patrick Beverley","position":"Guard","number":"#2","image":"http://ak-static.cms.nba.com/wp-content/uploads/headshots/nba/latest/260x190/201976.png","games":"67","ppg":"9.5","rpg":"5.9","apg":"4.2","height":"6' 1","weight":"185lbs","dob":"07/12/1988","priorTeam":"Arkansas","country":"USA","yearsPro":"4"},{"name":"Bobby Brown","position":"Guard","number":"#8","image":"http://ak-static.cms.nba.com/wp-content/uploads/headshots/nba/latest/260x190/201628.png","games":"25","ppg":"2.5","rpg":"0.2","apg":"0.6","height":"6' 2","weight":"175lbs","dob":"09/24/1984","priorTeam":"Cal State-Fullerton","country":"USA","yearsPro":"2"},{"name":"Clint Capela","position":"Center","number":"#15","image":"http://ak-static.cms.nba.com/wp-content/uploads/headshots/nba/latest/260x190/203991.png","games":"65","ppg":"12.6","rpg":"8.1","apg":"1.0","height":"6' 10","weight":"240lbs","dob":"05/18/1994","priorTeam":"Elan Chalon (France)","country":"Switzerland","yearsPro":"2"},{"name":"Sam Dekker","position":"Forward","number":"#7","image":"http://ak-static.cms.nba.com/wp-content/uploads/headshots/nba/latest/260x190/1626155.png","games":"77","ppg":"6.5","rpg":"3.7","apg":"1.0","height":"6' 9","weight":"230lbs","dob":"05/08/1994","priorTeam":"Wisconsin","country":"USA","yearsPro":"1"},{"name":"Eric Gordon","position":"Guard","number":"#10","image":"http://ak-static.cms.nba.com/wp-content/uploads/headshots/nba/latest/260x190/201569.png","games":"75","ppg":"16.2","rpg":"2.7","apg":"2.5","height":"6' 4","weight":"215lbs","dob":"12/25/1988","priorTeam":"Indiana","country":"USA","yearsPro":"8"},{"name":"James Harden","position":"Guard","number":"#13","image":"http://ak-static.cms.nba.com/wp-content/uploads/headshots/nba/latest/260x190/201935.png","games":"81","ppg":"29.1","rpg":"8.1","apg":"11.2","height":"6' 5","weight":"220lbs","dob":"08/26/1989","priorTeam":"Arizona State","country":"USA","yearsPro":"7"},{"name":"Montrezl Harrell","position":"Forward","number":"#5","image":"http://ak-static.cms.nba.com/wp-content/uploads/headshots/nba/latest/260x190/1626149.png","games":"58","ppg":"9.1","rpg":"3.8","apg":"1.1","height":"6' 8","weight":"240lbs","dob":"01/26/1994","priorTeam":"Louisville","country":"USA","yearsPro":"1"},{"name":"Nene","position":"Center-Forward","number":"#42","image":"http://ak-static.cms.nba.com/wp-content/uploads/headshots/nba/latest/260x190/2403.png","games":"67","ppg":"9.1","rpg":"4.2","apg":"1.0","height":"6' 11","weight":"250lbs","dob":"09/13/1982","priorTeam":"Vasco de Gama","country":"Brazil","yearsPro":"14"},{"name":"Chinanu Onuaku","position":"Forward-Center","number":"#21","image":"http://ak-static.cms.nba.com/wp-content/uploads/headshots/nba/latest/260x190/1627778.png","games":"5","ppg":"2.8","rpg":"2.0","apg":"0.6","height":"6' 10","weight":"245lbs","dob":"11/01/1996","priorTeam":"Louisville","country":"USA","yearsPro":"0"},{"name":"Isaiah Taylor","position":"Guard","number":"#17","image":"http://ak-static.cms.nba.com/wp-content/uploads/headshots/nba/latest/260x190/1627819.png","games":"4","ppg":"0.8","rpg":"0.8","apg":"0.8","height":"6' 3","weight":"170lbs","dob":"07/11/1994","priorTeam":"Texas","country":"USA","yearsPro":"0"},{"name":"Lou Williams","position":"Guard","number":"#12","image":"http://ak-static.cms.nba.com/wp-content/uploads/headshots/nba/latest/260x190/101150.png","games":"81","ppg":"17.5","rpg":"2.5","apg":"3.0","height":"6' 1","weight":"175lbs","dob":"10/27/1986","priorTeam":"South Gwinnett HS (Snellville, GA)","country":"USA","yearsPro":"11"},{"name":"Troy Williams","position":"Forward","number":"#14","image":"http://ak-static.cms.nba.com/wp-content/uploads/headshots/nba/latest/260x190/1627786.png","games":"30","ppg":"6.2","rpg":"2.3","apg":"0.8","height":"6' 7","weight":"210lbs","dob":"12/30/1994","priorTeam":"Indiana","country":"USA","yearsPro":"0"},{"name":"Kyle Wiltjer","position":"Forward","number":"#30","image":"http://ak-static.cms.nba.com/wp-content/uploads/headshots/nba/latest/260x190/1627787.png","games":"14","ppg":"0.9","rpg":"0.7","apg":"0.1","height":"6' 10","weight":"240lbs","dob":"10/20/1992","priorTeam":"Gonzaga","country":"USA","yearsPro":"0"}]}