{"abbr":"IND","logo":"content/images/logo_ind.png","players":[{"name":"Lavoy Allen","position":"Forward-Center","number":"#5","image":"http://ak-static.cms.nba.com/wp-content/uploads/headshots/nba/latest/260x190/202730.png","games":"61","ppg":"2.9","rpg":"3.6","apg":"0.9","height":"6' 9","weight":"260lbs","dob":"02/04/1989","priorTeam":"Temple","country":"USA","yearsPro":"5"},{"name":"Aaron Brooks","position":"Guard","number":"#00","image":"http://ak-static.cms.nba.com/wp-content/uploads/headshots/nba/latest/260x190/201166.png","games":"65","ppg":"5.0","rpg":"1.1","apg":"1.9","height":"6' 0","weight":"161lbs","dob":"01/14/1985","priorTeam":"Oregon","country":"USA","yearsPro":"8"},{"name":"Rakeem Christmas","position":"Forward","number":"#25","image":"http://ak-static.cms.nba.com/wp-content/uploads/headshots/nba/latest/260x190/1626176.png","games":"29","ppg":"2.0","rpg":"1.9","apg":"0.1","height":"6' 9","weight":"250lbs","dob":"12/01/1991","priorTeam":"Syracuse","country":"USA","yearsPro":"1"},{"name":"Monta Ellis","position":"Guard","number":"#11","image":"http://ak-static.cms.nba.com/wp-content/uploads/headshots/nba/latest/260x190/101145.png","games":"74","ppg":"8.5","rpg":"2.8","apg":"3.2","height":"6' 3","weight":"185lbs","dob":"10/26/1985","priorTeam":"Lanier HS (Jackson, MS)","country":"USA","yearsPro":"11"},{"name":"Paul George","position":"Forward","number":"#13","image":"http://ak-static.cms.nba.com/wp-content/uploads/headshots/nba/latest/260x190/202331.png","games":"75","ppg":"23.7","rpg":"6.6","apg":"3.3","height":"6' 9","weight":"220lbs","dob":"05/02/1990","priorTeam":"Fresno State","country":"USA","yearsPro":"6"},{"name":"Al Jefferson","position":"Center","number":"#7","image":"http://ak-static.cms.nba.com/wp-content/uploads/headshots/nba/latest/260x190/2744.png","games":"66","ppg":"8.1","rpg":"4.2","apg":"0.9","height":"6' 10","weight":"289lbs","dob":"01/04/1985","priorTeam":"Prentiss HS (MS)","country":"USA","yearsPro":"12"},{"name":"CJ Miles","position":"Forward-Guard","number":"#0","image":"http://ak-static.cms.nba.com/wp-content/uploads/headshots/nba/latest/260x190/101139.png","games":"76","ppg":"10.7","rpg":"3.0","apg":"0.6","height":"6' 6","weight":"225lbs","dob":"03/18/1987","priorTeam":"Skyline HS (Dallas, TX)","country":"USA","yearsPro":"11"},{"name":"Georges Niang","position":"Forward","number":"#32","image":"http://ak-static.cms.nba.com/wp-content/uploads/headshots/nba/latest/260x190/1627777.png","games":"23","ppg":"0.9","rpg":"0.7","apg":"0.2","height":"6' 8","weight":"230lbs","dob":"06/17/1993","priorTeam":"Iowa State","country":"USA","yearsPro":"0"},{"name":"Glenn Robinson III","position":"Guard-Forward","number":"#40","image":"http://ak-static.cms.nba.com/wp-content/uploads/headshots/nba/latest/260x190/203922.png","games":"69","ppg":"6.1","rpg":"3.6","apg":"0.7","height":"6' 6","weight":"222lbs","dob":"01/08/1994","priorTeam":"Michigan","country":"USA","yearsPro":"2"},{"name":"Kevin Seraphin","position":"Forward-Center","number":"#1","image":"http://ak-static.cms.nba.com/wp-content/uploads/headshots/nba/latest/260x190/202338.png","games":"49","ppg":"4.7","rpg":"2.9","apg":"0.5","height":"6' 10","weight":"278lbs","dob":"12/07/1989","priorTeam":"Cholet Basket","country":"France","yearsPro":"6"},{"name":"Lance Stephenson","position":"Guard","number":"#6","image":"http://ak-static.cms.nba.com/wp-content/uploads/headshots/nba/latest/260x190/202362.png","games":"18","ppg":"6.8","rpg":"2.9","apg":"3.3","height":"6' 5","weight":"230lbs","dob":"09/05/1990","priorTeam":"Cincinnati","country":"USA","yearsPro":"6"},{"name":"Jeff Teague","position":"Guard","number":"#44","image":"http://ak-static.cms.nba.com/wp-content/uploads/headshots/nba/latest/260x190/201952.png","games":"82","ppg":"15.3","rpg":"4.0","apg":"7.8","height":"6' 2","weight":"186lbs","dob":"06/10/1988","priorTeam":"Wake Forest","country":"USA","yearsPro":"7"},{"name":"Myles Turner","position":"Center","number":"#33","image":"http://ak-static.cms.nba.com/wp-content/uploads/headshots/nba/latest/260x190/1626167.png","games":"81","ppg":"14.5","rpg":"7.3","apg":"1.3","height":"6' 11","weight":"243lbs","dob":"03/24/1996","priorTeam":"Texas","country":"USA","yearsPro":"1"},{"name":"Joe Young","position":"Guard","number":"#3","image":"http://ak-static.cms.nba.com/wp-content/uploads/headshots/nba/latest/260x190/1626202.png","games":"33","ppg":"2.1","rpg":"0.5","apg":"0.5","height":"6' 2","weight":"180lbs","dob":"06/27/1992","priorTeam":"Oregon","country":"USA","yearsPro":"1"},{"name":"Thaddeus Young","position":"Forward","number":"#21","image":"http://ak-static.cms.nba.com/wp-content/uploads/headshots/nba/latest/260x190/201152.png","games":"74","ppg":"11.0","rpg":"6.1","apg":"1.6","height":"6' 8","weight":"221lbs","dob":"06/21/1988","priorTeam":"Georgia Tech","country":"USA","yearsPro":"9"}]}