{"abbr":"LAC","logo":"content/images/logo_lac.png","players":[{"name":"Alan Anderson","position":"Forward-Guard","number":"#9","image":"http://ak-static.cms.nba.com/wp-content/uploads/headshots/nba/latest/260x190/101187.png","games":"30","ppg":"2.9","rpg":"0.8","apg":"0.4","height":"6' 6","weight":"220lbs","dob":"10/16/1982","priorTeam":"Michigan State","country":"USA","yearsPro":"7"},{"name":"Brandon Bass","position":"Forward","number":"#30","image":"http://ak-static.cms.nba.com/wp-content/uploads/headshots/nba/latest/260x190/101138.png","games":"52","ppg":"5.6","rpg":"2.5","apg":"0.4","height":"6' 8","weight":"250lbs","dob":"04/30/1985","priorTeam":"Louisiana State","country":"USA","yearsPro":"11"},{"name":"Jamal Crawford","position":"Guard","number":"#11","image":"http://ak-static.cms.nba.com/wp-content/uploads/headshots/nba/latest/260x190/2037.png","games":"82","ppg":"12.3","rpg":"1.6","apg":"2.6","height":"6' 5","weight":"195lbs","dob":"03/20/1980","priorTeam":"Michigan","country":"USA","yearsPro":"16"},{"name":"Raymond Felton","position":"Guard","number":"#2","image":"http://ak-static.cms.nba.com/wp-content/uploads/headshots/nba/latest/260x190/101109.png","games":"80","ppg":"6.7","rpg":"2.7","apg":"2.4","height":"6' 1","weight":"205lbs","dob":"06/26/1984","priorTeam":"North Carolina","country":"USA","yearsPro":"11"},{"name":"Blake Griffin","position":"Forward","number":"#32","image":"http://ak-static.cms.nba.com/wp-content/uploads/headshots/nba/latest/260x190/201933.png","games":"61","ppg":"21.6","rpg":"8.1","apg":"4.9","height":"6' 10","weight":"251lbs","dob":"03/16/1989","priorTeam":"Oklahoma","country":"USA","yearsPro":"6"},{"name":"Brice Johnson","position":"Forward","number":"#10","image":"http://ak-static.cms.nba.com/wp-content/uploads/headshots/nba/latest/260x190/1627744.png","games":"3","ppg":"1.3","rpg":"1.0","apg":"0.3","height":"6' 10","weight":"230lbs","dob":"06/27/1994","priorTeam":"North Carolina","country":"USA","yearsPro":"0"},{"name":"Wesley Johnson","position":"Forward","number":"#33","image":"http://ak-static.cms.nba.com/wp-content/uploads/headshots/nba/latest/260x190/202325.png","games":"68","ppg":"2.7","rpg":"2.7","apg":"0.3","height":"6' 7","weight":"215lbs","dob":"07/11/1987","priorTeam":"Syracuse","country":"USA","yearsPro":"6"},{"name":"DeAndre Jordan","position":"Center","number":"#6","image":"http://ak-static.cms.nba.com/wp-content/uploads/headshots/nba/latest/260x190/201599.png","games":"81","ppg":"12.7","rpg":"13.8","apg":"1.2","height":"6' 11","weight":"265lbs","dob":"07/21/1988","priorTeam":"Texas A&M","country":"USA","yearsPro":"8"},{"name":"Luc Mbah a Moute","position":"Forward","number":"#12","image":"http://ak-static.cms.nba.com/wp-content/uploads/headshots/nba/latest/260x190/201601.png","games":"80","ppg":"6.1","rpg":"2.1","apg":"0.5","height":"6' 8","weight":"230lbs","dob":"09/09/1986","priorTeam":"UCLA","country":"Cameroon","yearsPro":"8"},{"name":"Chris Paul","position":"Guard","number":"#3","image":"http://ak-static.cms.nba.com/wp-content/uploads/headshots/nba/latest/260x190/101108.png","games":"61","ppg":"18.1","rpg":"5.0","apg":"9.2","height":"6' 0","weight":"175lbs","dob":"05/06/1985","priorTeam":"Wake Forest","country":"USA","yearsPro":"11"},{"name":"Paul Pierce","position":"Forward","number":"#34","image":"http://ak-static.cms.nba.com/wp-content/uploads/headshots/nba/latest/260x190/1718.png","games":"25","ppg":"3.2","rpg":"1.9","apg":"0.4","height":"6' 7","weight":"235lbs","dob":"10/13/1977","priorTeam":"Kansas","country":"USA","yearsPro":"18"},{"name":"JJ Redick","position":"Guard","number":"#4","image":"http://ak-static.cms.nba.com/wp-content/uploads/headshots/nba/latest/260x190/200755.png","games":"78","ppg":"15.0","rpg":"2.2","apg":"1.4","height":"6' 4","weight":"190lbs","dob":"06/24/1984","priorTeam":"Duke","country":"USA","yearsPro":"10"},{"name":"Austin Rivers","position":"Guard","number":"#25","image":"http://ak-static.cms.nba.com/wp-content/uploads/headshots/nba/latest/260x190/203085.png","games":"74","ppg":"12.0","rpg":"2.2","apg":"2.8","height":"6' 4","weight":"200lbs","dob":"08/01/1992","priorTeam":"Duke","country":"USA","yearsPro":"4"},{"name":"Marreese Speights","position":"Forward-Center","number":"#5","image":"http://ak-static.cms.nba.com/wp-content/uploads/headshots/nba/latest/260x190/201578.png","games":"82","ppg":"8.7","rpg":"4.5","apg":"0.8","height":"6' 10","weight":"255lbs","dob":"08/04/1987","priorTeam":"Florida","country":"USA","yearsPro":"8"},{"name":"Diamond Stone","position":"Center","number":"#0","image":"http://ak-static.cms.nba.com/wp-content/uploads/headshots/nba/latest/260x190/1627754.png","games":"7","ppg":"1.4","rpg":"0.9","apg":"0.0","height":"6' 11","weight":"255lbs","dob":"02/10/1997","priorTeam":"Maryland","country":"USA","yearsPro":"0"}]}