{"abbr":"LAL","logo":"content/images/logo_lal.png","players":[{"name":"Tarik Black","position":"Center-Forward","number":"#28","image":"http://ak-static.cms.nba.com/wp-content/uploads/headshots/nba/latest/260x190/204028.png","games":"67","ppg":"5.7","rpg":"5.1","apg":"0.6","height":"6' 9","weight":"250lbs","dob":"11/22/1991","priorTeam":"Kansas","country":"USA","yearsPro":"2"},{"name":"Corey Brewer","position":"Forward","number":"#3","image":"http://ak-static.cms.nba.com/wp-content/uploads/headshots/nba/latest/260x190/201147.png","games":"82","ppg":"4.5","rpg":"2.0","apg":"1.2","height":"6' 9","weight":"186lbs","dob":"03/05/1986","priorTeam":"Florida","country":"USA","yearsPro":"9"},{"name":"Jordan Clarkson","position":"Guard","number":"#6","image":"http://ak-static.cms.nba.com/wp-content/uploads/headshots/nba/latest/260x190/203903.png","games":"82","ppg":"14.7","rpg":"3.0","apg":"2.6","height":"6' 5","weight":"194lbs","dob":"06/07/1992","priorTeam":"Missouri","country":"USA","yearsPro":"2"},{"name":"Luol Deng","position":"Forward","number":"#9","image":"http://ak-static.cms.nba.com/wp-content/uploads/headshots/nba/latest/260x190/2736.png","games":"56","ppg":"7.6","rpg":"5.3","apg":"1.3","height":"6' 9","weight":"220lbs","dob":"04/16/1985","priorTeam":"Duke","country":"Great Britain","yearsPro":"12"},{"name":"Tyler Ennis","position":"Guard","number":"#11","image":"http://ak-static.cms.nba.com/wp-content/uploads/headshots/nba/latest/260x190/203898.png","games":"53","ppg":"4.3","rpg":"0.8","apg":"1.6","height":"6' 3","weight":"194lbs","dob":"08/24/1994","priorTeam":"Syracuse","country":"Canada","yearsPro":"2"},{"name":"Brandon Ingram","position":"Forward","number":"#14","image":"http://ak-static.cms.nba.com/wp-content/uploads/headshots/nba/latest/260x190/1627742.png","games":"79","ppg":"9.4","rpg":"4.0","apg":"2.1","height":"6' 9","weight":"190lbs","dob":"09/02/1997","priorTeam":"Duke","country":"USA","yearsPro":"0"},{"name":"Timofey Mozgov","position":"Center","number":"#20","image":"http://ak-static.cms.nba.com/wp-content/uploads/headshots/nba/latest/260x190/202389.png","games":"54","ppg":"7.4","rpg":"4.9","apg":"0.8","height":"7' 1","weight":"275lbs","dob":"07/16/1986","priorTeam":"Khimki Moscow","country":"Russia","yearsPro":"6"},{"name":"Larry Nance Jr.","position":"Forward","number":"#7","image":"http://ak-static.cms.nba.com/wp-content/uploads/headshots/nba/latest/260x190/1626204.png","games":"63","ppg":"7.1","rpg":"5.9","apg":"1.5","height":"6' 9","weight":"230lbs","dob":"01/01/1993","priorTeam":"Wyoming","country":"USA","yearsPro":"1"},{"name":"David Nwaba","position":"Guard","number":"#10","image":"http://ak-static.cms.nba.com/wp-content/uploads/headshots/nba/latest/260x190/1628021.png","games":"20","ppg":"6.0","rpg":"3.2","apg":"0.7","height":"6' 4","weight":"209lbs","dob":"01/14/1993","priorTeam":"Cal Poly-S.L.O.","country":"USA","yearsPro":"0"},{"name":"Julius Randle","position":"Forward","number":"#30","image":"http://ak-static.cms.nba.com/wp-content/uploads/headshots/nba/latest/260x190/203944.png","games":"74","ppg":"13.2","rpg":"8.6","apg":"3.6","height":"6' 9","weight":"250lbs","dob":"11/29/1994","priorTeam":"Kentucky","country":"USA","yearsPro":"2"},{"name":"Thomas Robinson","position":"Forward","number":"#15","image":"http://ak-static.cms.nba.com/wp-content/uploads/headshots/nba/latest/260x190/203080.png","games":"48","ppg":"5.0","rpg":"4.6","apg":"0.6","height":"6' 10","weight":"237lbs","dob":"03/17/1991","priorTeam":"Kansas","country":"USA","yearsPro":"4"},{"name":"D'Angelo Russell","position":"Guard","number":"#1","image":"http://ak-static.cms.nba.com/wp-content/uploads/headshots/nba/latest/260x190/1626156.png","games":"63","ppg":"15.6","rpg":"3.5","apg":"4.8","height":"6' 5","weight":"195lbs","dob":"02/23/1996","priorTeam":"Ohio State","country":"USA","yearsPro":"1"},{"name":"Metta World Peace","position":"Forward","number":"#37","image":"http://ak-static.cms.nba.com/wp-content/uploads/headshots/nba/latest/260x190/1897.png","games":"25","ppg":"2.3","rpg":"0.8","apg":"0.4","height":"6' 7","weight":"260lbs","dob":"11/13/1979","priorTeam":"St. John's","country":"USA","yearsPro":"16"},{"name":"Nick Young","position":"Guard-Forward","number":"#0","image":"http://ak-static.cms.nba.com/wp-content/uploads/headshots/nba/latest/260x190/201156.png","games":"60","ppg":"13.2","rpg":"2.3","apg":"1.0","height":"6' 7","weight":"210lbs","dob":"06/01/1985","priorTeam":"USC","country":"USA","yearsPro":"9"},{"name":"Ivica Zubac","position":"Center","number":"#40","image":"http://ak-static.cms.nba.com/wp-content/uploads/headshots/nba/latest/260x190/1627826.png","games":"38","ppg":"7.5","rpg":"4.2","apg":"0.8","height":"7' 1","weight":"240lbs","dob":"03/18/1997","priorTeam":"Bosnia & Herzegovina","country":"Bosnia & Herzegovina","yearsPro":"0"}]}