{"abbr":"MEM","logo":"content/images/logo_mem.png","players":[{"name":"Tony Allen","position":"Guard-Forward","number":"#9","image":"http://ak-static.cms.nba.com/wp-content/uploads/headshots/nba/latest/260x190/2754.png","games":"71","ppg":"9.1","rpg":"5.5","apg":"1.4","height":"6' 4","weight":"213lbs","dob":"01/11/1982","priorTeam":"Oklahoma State","country":"USA","yearsPro":"12"},{"name":"Wade Baldwin IV","position":"Guard","number":"#4","image":"http://ak-static.cms.nba.com/wp-content/uploads/headshots/nba/latest/260x190/1627735.png","games":"33","ppg":"3.2","rpg":"1.4","apg":"1.8","height":"6' 4","weight":"202lbs","dob":"03/29/1996","priorTeam":"Vanderbilt","country":"USA","yearsPro":"0"},{"name":"Vince Carter","position":"Guard-Forward","number":"#15","image":"http://ak-static.cms.nba.com/wp-content/uploads/headshots/nba/latest/260x190/1713.png","games":"73","ppg":"8.0","rpg":"3.1","apg":"1.8","height":"6' 6","weight":"220lbs","dob":"01/26/1977","priorTeam":"North Carolina","country":"USA","yearsPro":"18"},{"name":"Mike Conley","position":"Guard","number":"#11","image":"http://ak-static.cms.nba.com/wp-content/uploads/headshots/nba/latest/260x190/201144.png","games":"69","ppg":"20.5","rpg":"3.5","apg":"6.3","height":"6' 1","weight":"175lbs","dob":"10/11/1987","priorTeam":"Ohio State","country":"USA","yearsPro":"9"},{"name":"Troy Daniels","position":"Guard","number":"#30","image":"http://ak-static.cms.nba.com/wp-content/uploads/headshots/nba/latest/260x190/203584.png","games":"67","ppg":"8.2","rpg":"1.5","apg":"0.7","height":"6' 4","weight":"205lbs","dob":"07/15/1991","priorTeam":"Virginia Commonwealth","country":"USA","yearsPro":"3"},{"name":"Deyonta Davis","position":"Forward","number":"#23","image":"http://ak-static.cms.nba.com/wp-content/uploads/headshots/nba/latest/260x190/1627738.png","games":"36","ppg":"1.6","rpg":"1.7","apg":"0.1","height":"6' 10","weight":"240lbs","dob":"12/02/1996","priorTeam":"Michigan State","country":"USA","yearsPro":"0"},{"name":"James Ennis III","position":"Forward","number":"#8","image":"http://ak-static.cms.nba.com/wp-content/uploads/headshots/nba/latest/260x190/203516.png","games":"64","ppg":"6.7","rpg":"4.0","apg":"1.0","height":"6' 7","weight":"210lbs","dob":"07/01/1990","priorTeam":"Long Beach State","country":"USA","yearsPro":"2"},{"name":"Marc Gasol","position":"Center","number":"#33","image":"http://ak-static.cms.nba.com/wp-content/uploads/headshots/nba/latest/260x190/201188.png","games":"74","ppg":"19.5","rpg":"6.3","apg":"4.6","height":"7' 1","weight":"255lbs","dob":"01/29/1985","priorTeam":"FC Barcelona","country":"Spain","yearsPro":"8"},{"name":"JaMychal Green","position":"Forward","number":"#0","image":"http://ak-static.cms.nba.com/wp-content/uploads/headshots/nba/latest/260x190/203210.png","games":"77","ppg":"8.9","rpg":"7.1","apg":"1.1","height":"6' 9","weight":"227lbs","dob":"06/21/1990","priorTeam":"Alabama","country":"USA","yearsPro":"2"},{"name":"Andrew Harrison","position":"Guard","number":"#5","image":"http://ak-static.cms.nba.com/wp-content/uploads/headshots/nba/latest/260x190/1626150.png","games":"72","ppg":"5.9","rpg":"1.9","apg":"2.8","height":"6' 6","weight":"213lbs","dob":"10/28/1994","priorTeam":"Kentucky","country":"USA","yearsPro":"0"},{"name":"Jarell Martin","position":"Forward","number":"#1","image":"http://ak-static.cms.nba.com/wp-content/uploads/headshots/nba/latest/260x190/1626185.png","games":"42","ppg":"3.9","rpg":"3.9","apg":"0.2","height":"6' 10","weight":"239lbs","dob":"05/24/1994","priorTeam":"Louisiana State","country":"USA","yearsPro":"1"},{"name":"Chandler Parsons","position":"Forward","number":"#25","image":"http://ak-static.cms.nba.com/wp-content/uploads/headshots/nba/latest/260x190/202718.png","games":"34","ppg":"6.2","rpg":"2.5","apg":"1.6","height":"6' 10","weight":"230lbs","dob":"10/25/1988","priorTeam":"Florida","country":"USA","yearsPro":"5"},{"name":"Zach Randolph","position":"Forward","number":"#50","image":"http://ak-static.cms.nba.com/wp-content/uploads/headshots/nba/latest/260x190/2216.png","games":"73","ppg":"14.1","rpg":"8.2","apg":"1.7","height":"6' 9","weight":"260lbs","dob":"07/16/1981","priorTeam":"Michigan State","country":"USA","yearsPro":"15"},{"name":"Wayne Selden","position":"Guard","number":"#7","image":"http://ak-static.cms.nba.com/wp-content/uploads/headshots/nba/latest/260x190/1627782.png","games":"14","ppg":"5.1","rpg":"1.1","apg":"0.9","height":"6' 5","weight":"230lbs","dob":"09/30/1994","priorTeam":"Kansas","country":"USA","yearsPro":"0"},{"name":"Brandan Wright","position":"Forward","number":"#34","image":"http://ak-static.cms.nba.com/wp-content/uploads/headshots/nba/latest/260x190/201148.png","games":"28","ppg":"6.8","rpg":"2.8","apg":"0.5","height":"6' 10","weight":"210lbs","dob":"10/05/1987","priorTeam":"North Carolina","country":"USA","yearsPro":"8"}]}