{"abbr":"MIA","logo":"content/images/logo_mia.png","players":[{"name":"Luke Babbitt","position":"Forward","number":"#5","image":"http://ak-static.cms.nba.com/wp-content/uploads/headshots/nba/latest/260x190/202337.png","games":"68","ppg":"4.8","rpg":"2.1","apg":"0.5","height":"6' 9","weight":"225lbs","dob":"06/20/1989","priorTeam":"Nevada","country":"USA","yearsPro":"6"},{"name":"Chris Bosh","position":"Forward","number":"#1","image":"http://ak-static.cms.nba.com/wp-content/uploads/headshots/nba/latest/260x190/2547.png","games":"0","ppg":"0.0","rpg":"0.0","apg":"0.0","height":"6' 11","weight":"235lbs","dob":"03/24/1984","priorTeam":"Georgia Tech","country":"USA","yearsPro":"13"},{"name":"Goran Dragic","position":"Guard","number":"#7","image":"http://ak-static.cms.nba.com/wp-content/uploads/headshots/nba/latest/260x190/201609.png","games":"73","ppg":"20.3","rpg":"3.8","apg":"5.8","height":"6' 3","weight":"190lbs","dob":"05/06/1986","priorTeam":"Union Olimpija","country":"Slovenia","yearsPro":"8"},{"name":"Wayne Ellington","position":"Guard","number":"#2","image":"http://ak-static.cms.nba.com/wp-content/uploads/headshots/nba/latest/260x190/201961.png","games":"62","ppg":"10.5","rpg":"2.1","apg":"1.1","height":"6' 4","weight":"200lbs","dob":"11/29/1987","priorTeam":"North Carolina","country":"USA","yearsPro":"7"},{"name":"Udonis Haslem","position":"Forward","number":"#40","image":"http://ak-static.cms.nba.com/wp-content/uploads/headshots/nba/latest/260x190/2617.png","games":"16","ppg":"1.9","rpg":"2.3","apg":"0.4","height":"6' 8","weight":"235lbs","dob":"06/09/1980","priorTeam":"Florida","country":"USA","yearsPro":"13"},{"name":"James Johnson","position":"Forward","number":"#16","image":"http://ak-static.cms.nba.com/wp-content/uploads/headshots/nba/latest/260x190/201949.png","games":"76","ppg":"12.8","rpg":"4.9","apg":"3.6","height":"6' 9","weight":"250lbs","dob":"02/20/1987","priorTeam":"Wake Forest","country":"USA","yearsPro":"7"},{"name":"Tyler Johnson","position":"Guard","number":"#8","image":"http://ak-static.cms.nba.com/wp-content/uploads/headshots/nba/latest/260x190/204020.png","games":"73","ppg":"13.7","rpg":"4.0","apg":"3.2","height":"6' 4","weight":"186lbs","dob":"05/07/1992","priorTeam":"Fresno State","country":"USA","yearsPro":"2"},{"name":"Rodney McGruder","position":"Guard","number":"#17","image":"http://ak-static.cms.nba.com/wp-content/uploads/headshots/nba/latest/260x190/203585.png","games":"78","ppg":"6.4","rpg":"3.3","apg":"1.6","height":"6' 4","weight":"205lbs","dob":"07/29/1991","priorTeam":"Kansas State","country":"USA","yearsPro":"0"},{"name":"Josh McRoberts","position":"Forward","number":"#4","image":"http://ak-static.cms.nba.com/wp-content/uploads/headshots/nba/latest/260x190/201177.png","games":"22","ppg":"4.9","rpg":"3.4","apg":"2.3","height":"6' 10","weight":"240lbs","dob":"02/28/1987","priorTeam":"Duke","country":"USA","yearsPro":"9"},{"name":"Willie Reed","position":"Forward-Center","number":"#35","image":"http://ak-static.cms.nba.com/wp-content/uploads/headshots/nba/latest/260x190/203186.png","games":"71","ppg":"5.3","rpg":"4.7","apg":"0.4","height":"6' 11","weight":"245lbs","dob":"05/16/1990","priorTeam":"St. Louis","country":"USA","yearsPro":"1"},{"name":"Josh Richardson","position":"Guard","number":"#0","image":"http://ak-static.cms.nba.com/wp-content/uploads/headshots/nba/latest/260x190/1626196.png","games":"53","ppg":"10.2","rpg":"3.2","apg":"2.6","height":"6' 6","weight":"200lbs","dob":"09/15/1993","priorTeam":"Tennessee","country":"USA","yearsPro":"1"},{"name":"Dion Waiters","position":"Guard","number":"#11","image":"http://ak-static.cms.nba.com/wp-content/uploads/headshots/nba/latest/260x190/203079.png","games":"46","ppg":"15.8","rpg":"3.3","apg":"4.3","height":"6' 4","weight":"220lbs","dob":"12/10/1991","priorTeam":"Syracuse","country":"USA","yearsPro":"4"},{"name":"Okaro White","position":"Forward","number":"#15","image":"http://ak-static.cms.nba.com/wp-content/uploads/headshots/nba/latest/260x190/1627855.png","games":"35","ppg":"2.8","rpg":"2.3","apg":"0.6","height":"6' 8","weight":"204lbs","dob":"08/13/1992","priorTeam":"Florida State","country":"USA","yearsPro":"0"},{"name":"Hassan Whiteside","position":"Center","number":"#21","image":"http://ak-static.cms.nba.com/wp-content/uploads/headshots/nba/latest/260x190/202355.png","games":"77","ppg":"17.0","rpg":"14.1","apg":"0.7","height":"7' 0","weight":"265lbs","dob":"06/13/1989","priorTeam":"Marshall","country":"USA","yearsPro":"4"},{"name":"Justise Winslow","position":"Forward","number":"#20","image":"http://ak-static.cms.nba.com/wp-content/uploads/headshots/nba/latest/260x190/1626159.png","games":"18","ppg":"10.9","rpg":"5.2","apg":"3.7","height":"6' 7","weight":"225lbs","dob":"03/26/1996","priorTeam":"Duke","country":"USA","yearsPro":"1"}]}