{"abbr":"MIL","logo":"content/images/logo_mil.png","players":[{"name":"Giannis Antetokounmpo","position":"Forward-Guard","number":"#34","image":"http://ak-static.cms.nba.com/wp-content/uploads/headshots/nba/latest/260x190/203507.png","games":"80","ppg":"22.9","rpg":"8.8","apg":"5.4","height":"6' 11","weight":"222lbs","dob":"12/06/1994","priorTeam":"Greece","country":"Greece","yearsPro":"3"},{"name":"Michael Beasley","position":"Forward","number":"#9","image":"http://ak-static.cms.nba.com/wp-content/uploads/headshots/nba/latest/260x190/201563.png","games":"56","ppg":"9.4","rpg":"3.4","apg":"0.9","height":"6' 10","weight":"235lbs","dob":"01/09/1989","priorTeam":"Kansas State","country":"USA","yearsPro":"8"},{"name":"Malcolm Brogdon","position":"Guard","number":"#13","image":"http://ak-static.cms.nba.com/wp-content/uploads/headshots/nba/latest/260x190/1627763.png","games":"75","ppg":"10.2","rpg":"2.8","apg":"4.2","height":"6' 5","weight":"215lbs","dob":"12/11/1992","priorTeam":"Virginia","country":"USA","yearsPro":"0"},{"name":"Matthew Dellavedova","position":"Guard","number":"#8","image":"http://ak-static.cms.nba.com/wp-content/uploads/headshots/nba/latest/260x190/203521.png","games":"76","ppg":"7.6","rpg":"1.9","apg":"4.7","height":"6' 4","weight":"198lbs","dob":"09/08/1990","priorTeam":"St. Mary's (CA)","country":"Australia","yearsPro":"3"},{"name":"Spencer Hawes","position":"Forward-Center","number":"#00","image":"http://ak-static.cms.nba.com/wp-content/uploads/headshots/nba/latest/260x190/201150.png","games":"54","ppg":"6.2","rpg":"3.5","apg":"1.5","height":"7' 1","weight":"245lbs","dob":"04/28/1988","priorTeam":"Washington","country":"USA","yearsPro":"9"},{"name":"John Henson","position":"Center-Forward","number":"#31","image":"http://ak-static.cms.nba.com/wp-content/uploads/headshots/nba/latest/260x190/203089.png","games":"58","ppg":"6.8","rpg":"5.1","apg":"1.0","height":"6' 11","weight":"229lbs","dob":"12/28/1990","priorTeam":"North Carolina","country":"USA","yearsPro":"4"},{"name":"Thon Maker","position":"Forward-Center","number":"#7","image":"http://ak-static.cms.nba.com/wp-content/uploads/headshots/nba/latest/260x190/1627748.png","games":"57","ppg":"4.0","rpg":"2.0","apg":"0.4","height":"7' 1","weight":"223lbs","dob":"02/25/1997","priorTeam":"South Sudan","country":"South Sudan","yearsPro":"0"},{"name":"Khris Middleton","position":"Guard-Forward","number":"#22","image":"http://ak-static.cms.nba.com/wp-content/uploads/headshots/nba/latest/260x190/203114.png","games":"29","ppg":"14.7","rpg":"4.2","apg":"3.4","height":"6' 8","weight":"234lbs","dob":"08/12/1991","priorTeam":"Texas A&M","country":"USA","yearsPro":"4"},{"name":"Greg Monroe","position":"Center","number":"#15","image":"http://ak-static.cms.nba.com/wp-content/uploads/headshots/nba/latest/260x190/202328.png","games":"81","ppg":"11.7","rpg":"6.6","apg":"2.3","height":"6' 11","weight":"265lbs","dob":"06/04/1990","priorTeam":"Georgetown","country":"USA","yearsPro":"6"},{"name":"Jabari Parker","position":"Forward","number":"#12","image":"http://ak-static.cms.nba.com/wp-content/uploads/headshots/nba/latest/260x190/203953.png","games":"51","ppg":"20.1","rpg":"6.2","apg":"2.8","height":"6' 8","weight":"250lbs","dob":"03/15/1995","priorTeam":"Duke","country":"USA","yearsPro":"2"},{"name":"Gary Payton II","position":"Guard","number":"#0","image":"http://ak-static.cms.nba.com/wp-content/uploads/headshots/nba/latest/260x190/1627780.png","games":"6","ppg":"3.3","rpg":"2.0","apg":"2.2","height":"6' 3","weight":"190lbs","dob":"12/01/1992","priorTeam":"Oregon State","country":"USA","yearsPro":"0"},{"name":"Tony Snell","position":"Guard-Forward","number":"#21","image":"http://ak-static.cms.nba.com/wp-content/uploads/headshots/nba/latest/260x190/203503.png","games":"80","ppg":"8.5","rpg":"3.1","apg":"1.2","height":"6' 7","weight":"217lbs","dob":"11/10/1991","priorTeam":"New Mexico","country":"USA","yearsPro":"3"},{"name":"Mirza Teletovic","position":"Forward","number":"#35","image":"http://ak-static.cms.nba.com/wp-content/uploads/headshots/nba/latest/260x190/203141.png","games":"70","ppg":"6.4","rpg":"2.3","apg":"0.7","height":"6' 9","weight":"245lbs","dob":"09/17/1985","priorTeam":"Caja Laboral Vitoria (Spain)","country":"Bosnia & Herzegovina","yearsPro":"4"},{"name":"Jason Terry","position":"Guard","number":"#3","image":"http://ak-static.cms.nba.com/wp-content/uploads/headshots/nba/latest/260x190/1891.png","games":"74","ppg":"4.1","rpg":"1.4","apg":"1.3","height":"6' 2","weight":"185lbs","dob":"09/15/1977","priorTeam":"Arizona","country":"USA","yearsPro":"17"},{"name":"Rashad Vaughn","position":"Guard","number":"#20","image":"http://ak-static.cms.nba.com/wp-content/uploads/headshots/nba/latest/260x190/1626173.png","games":"41","ppg":"3.5","rpg":"1.2","apg":"0.6","height":"6' 6","weight":"202lbs","dob":"08/16/1996","priorTeam":"Nevada-Las Vegas","country":"USA","yearsPro":"1"}]}