{"abbr":"MIN","logo":"content/images/logo_min.png","players":[{"name":"Cole Aldrich","position":"Center","number":"#45","image":"http://ak-static.cms.nba.com/wp-content/uploads/headshots/nba/latest/260x190/202332.png","games":"62","ppg":"1.7","rpg":"2.5","apg":"0.4","height":"6' 11","weight":"250lbs","dob":"10/31/1988","priorTeam":"Kansas","country":"USA","yearsPro":"6"},{"name":"Nemanja Bjelica","position":"Forward","number":"#88","image":"http://ak-static.cms.nba.com/wp-content/uploads/headshots/nba/latest/260x190/202357.png","games":"65","ppg":"6.2","rpg":"3.8","apg":"1.2","height":"6' 10","weight":"225lbs","dob":"05/09/1988","priorTeam":"Fenerbahce Ulker","country":"Serbia","yearsPro":"1"},{"name":"Omri Casspi","position":"Forward","number":"#18","image":"http://ak-static.cms.nba.com/wp-content/uploads/headshots/nba/latest/260x190/201956.png","games":"36","ppg":"5.2","rpg":"3.1","apg":"1.0","height":"6' 9","weight":"225lbs","dob":"06/22/1988","priorTeam":"Maccabi Tel Aviv","country":"Israel","yearsPro":"7"},{"name":"Gorgui Dieng","position":"Forward-Center","number":"#5","image":"http://ak-static.cms.nba.com/wp-content/uploads/headshots/nba/latest/260x190/203476.png","games":"82","ppg":"10.0","rpg":"7.9","apg":"1.9","height":"6' 11","weight":"240lbs","dob":"01/18/1990","priorTeam":"Louisville","country":"Senegal","yearsPro":"3"},{"name":"Kris Dunn","position":"Guard","number":"#3","image":"http://ak-static.cms.nba.com/wp-content/uploads/headshots/nba/latest/260x190/1627739.png","games":"78","ppg":"3.8","rpg":"2.1","apg":"2.4","height":"6' 4","weight":"205lbs","dob":"03/18/1994","priorTeam":"Providence","country":"USA","yearsPro":"0"},{"name":"Jordan Hill","position":"Forward-Center","number":"#27","image":"http://ak-static.cms.nba.com/wp-content/uploads/headshots/nba/latest/260x190/201941.png","games":"7","ppg":"1.7","rpg":"2.0","apg":"0.0","height":"6' 10","weight":"240lbs","dob":"07/27/1987","priorTeam":"Arizona","country":"USA","yearsPro":"7"},{"name":"Tyus Jones","position":"Guard","number":"#1","image":"http://ak-static.cms.nba.com/wp-content/uploads/headshots/nba/latest/260x190/1626145.png","games":"60","ppg":"3.5","rpg":"1.1","apg":"2.6","height":"6' 2","weight":"195lbs","dob":"05/10/1996","priorTeam":"Duke","country":"USA","yearsPro":"1"},{"name":"Zach LaVine","position":"Guard","number":"#8","image":"http://ak-static.cms.nba.com/wp-content/uploads/headshots/nba/latest/260x190/203897.png","games":"47","ppg":"18.9","rpg":"3.4","apg":"3.0","height":"6' 5","weight":"185lbs","dob":"03/10/1995","priorTeam":"UCLA","country":"USA","yearsPro":"2"},{"name":"Shabazz Muhammad","position":"Forward","number":"#15","image":"http://ak-static.cms.nba.com/wp-content/uploads/headshots/nba/latest/260x190/203498.png","games":"78","ppg":"9.9","rpg":"2.8","apg":"0.4","height":"6' 6","weight":"223lbs","dob":"11/13/1992","priorTeam":"UCLA","country":"USA","yearsPro":"3"},{"name":"Adreian Payne","position":"Forward","number":"#33","image":"http://ak-static.cms.nba.com/wp-content/uploads/headshots/nba/latest/260x190/203940.png","games":"18","ppg":"3.5","rpg":"1.8","apg":"0.4","height":"6' 10","weight":"237lbs","dob":"02/19/1991","priorTeam":"Michigan State","country":"USA","yearsPro":"2"},{"name":"Nikola Pekovic","position":"Center","number":"#14","image":"http://ak-static.cms.nba.com/wp-content/uploads/headshots/nba/latest/260x190/201593.png","games":"0","ppg":"0.0","rpg":"0.0","apg":"0.0","height":"6' 11","weight":"307lbs","dob":"01/03/1986","priorTeam":"Panathinaikos","country":"Montenegro","yearsPro":"6"},{"name":"Ricky Rubio","position":"Guard","number":"#9","image":"http://ak-static.cms.nba.com/wp-content/uploads/headshots/nba/latest/260x190/201937.png","games":"75","ppg":"11.1","rpg":"4.1","apg":"9.1","height":"6' 4","weight":"190lbs","dob":"10/21/1990","priorTeam":"FC Barcelona","country":"Spain","yearsPro":"5"},{"name":"Brandon Rush","position":"Guard-Forward","number":"#4","image":"http://ak-static.cms.nba.com/wp-content/uploads/headshots/nba/latest/260x190/201575.png","games":"47","ppg":"4.2","rpg":"2.1","apg":"1.0","height":"6' 6","weight":"225lbs","dob":"07/07/1985","priorTeam":"Kansas","country":"USA","yearsPro":"8"},{"name":"Karl-Anthony Towns","position":"Center","number":"#32","image":"http://ak-static.cms.nba.com/wp-content/uploads/headshots/nba/latest/260x190/1626157.png","games":"82","ppg":"25.1","rpg":"12.3","apg":"2.7","height":"7' 0","weight":"244lbs","dob":"11/15/1995","priorTeam":"Kentucky","country":"USA","yearsPro":"1"},{"name":"Andrew Wiggins","position":"Forward","number":"#22","image":"http://ak-static.cms.nba.com/wp-content/uploads/headshots/nba/latest/260x190/203952.png","games":"82","ppg":"23.6","rpg":"4.0","apg":"2.3","height":"6' 8","weight":"199lbs","dob":"02/23/1995","priorTeam":"Kansas","country":"Canada","yearsPro":"2"}]}