{"abbr":"NOP","logo":"content/images/logo_nop.png","players":[{"name":"Alexis Ajinca","position":"Center","number":"#42","image":"http://ak-static.cms.nba.com/wp-content/uploads/headshots/nba/latest/260x190/201582.png","games":"39","ppg":"5.3","rpg":"4.5","apg":"0.3","height":"7' 2","weight":"248lbs","dob":"05/06/1988","priorTeam":"St. Etienne","country":"France","yearsPro":"6"},{"name":"Omer Asik","position":"Center","number":"#3","image":"http://ak-static.cms.nba.com/wp-content/uploads/headshots/nba/latest/260x190/201600.png","games":"31","ppg":"2.7","rpg":"5.3","apg":"0.5","height":"7' 0","weight":"255lbs","dob":"07/04/1986","priorTeam":"Fenerbahce S.K.","country":"Turkey","yearsPro":"6"},{"name":"Quinn Cook","position":"Guard","number":"#22","image":"http://ak-static.cms.nba.com/wp-content/uploads/headshots/nba/latest/260x190/1626188.png","games":"14","ppg":"5.6","rpg":"0.5","apg":"1.9","height":"6' 2","weight":"179lbs","dob":"03/23/1993","priorTeam":"Duke","country":"USA","yearsPro":"0"},{"name":"DeMarcus Cousins","position":"Forward-Center","number":"#0","image":"http://ak-static.cms.nba.com/wp-content/uploads/headshots/nba/latest/260x190/202326.png","games":"72","ppg":"27.0","rpg":"11.0","apg":"4.6","height":"6' 11","weight":"270lbs","dob":"08/13/1990","priorTeam":"Kentucky","country":"USA","yearsPro":"6"},{"name":"Jordan Crawford","position":"Guard","number":"#4","image":"http://ak-static.cms.nba.com/wp-content/uploads/headshots/nba/latest/260x190/202348.png","games":"19","ppg":"14.1","rpg":"1.8","apg":"3.0","height":"6' 5","weight":"195lbs","dob":"10/23/1988","priorTeam":"Xavier (Ohio)","country":"USA","yearsPro":"4"},{"name":"Dante Cunningham","position":"Forward","number":"#33","image":"http://ak-static.cms.nba.com/wp-content/uploads/headshots/nba/latest/260x190/201967.png","games":"66","ppg":"6.6","rpg":"4.2","apg":"0.6","height":"6' 8","weight":"230lbs","dob":"04/22/1987","priorTeam":"Villanova","country":"USA","yearsPro":"7"},{"name":"Anthony Davis","position":"Forward-Center","number":"#23","image":"http://ak-static.cms.nba.com/wp-content/uploads/headshots/nba/latest/260x190/203076.png","games":"75","ppg":"28.0","rpg":"11.8","apg":"2.1","height":"6' 11","weight":"253lbs","dob":"03/11/1993","priorTeam":"Kentucky","country":"USA","yearsPro":"4"},{"name":"Cheick Diallo","position":"Forward","number":"#13","image":"http://ak-static.cms.nba.com/wp-content/uploads/headshots/nba/latest/260x190/1627767.png","games":"17","ppg":"5.1","rpg":"4.3","apg":"0.2","height":"6' 9","weight":"220lbs","dob":"09/13/1996","priorTeam":"Kansas","country":"Mali","yearsPro":"0"},{"name":"Tim Frazier","position":"Guard","number":"#2","image":"http://ak-static.cms.nba.com/wp-content/uploads/headshots/nba/latest/260x190/204025.png","games":"65","ppg":"7.1","rpg":"2.7","apg":"5.2","height":"6' 1","weight":"170lbs","dob":"11/01/1990","priorTeam":"Penn State","country":"USA","yearsPro":"2"},{"name":"Solomon Hill","position":"Forward","number":"#44","image":"http://ak-static.cms.nba.com/wp-content/uploads/headshots/nba/latest/260x190/203524.png","games":"80","ppg":"7.0","rpg":"3.8","apg":"1.8","height":"6' 7","weight":"225lbs","dob":"03/18/1991","priorTeam":"Arizona","country":"USA","yearsPro":"3"},{"name":"Jrue Holiday","position":"Guard","number":"#11","image":"http://ak-static.cms.nba.com/wp-content/uploads/headshots/nba/latest/260x190/201950.png","games":"67","ppg":"15.4","rpg":"3.9","apg":"7.3","height":"6' 4","weight":"205lbs","dob":"06/12/1990","priorTeam":"UCLA","country":"USA","yearsPro":"7"},{"name":"E'Twaun Moore","position":"Guard","number":"#55","image":"http://ak-static.cms.nba.com/wp-content/uploads/headshots/nba/latest/260x190/202734.png","games":"73","ppg":"9.6","rpg":"2.1","apg":"2.2","height":"6' 4","weight":"191lbs","dob":"02/25/1989","priorTeam":"Purdue","country":"USA","yearsPro":"5"},{"name":"Donatas Motiejunas","position":"Forward-Center","number":"#12","image":"http://ak-static.cms.nba.com/wp-content/uploads/headshots/nba/latest/260x190/202700.png","games":"34","ppg":"4.4","rpg":"3.0","apg":"0.9","height":"7' 0","weight":"222lbs","dob":"09/20/1990","priorTeam":"Asseco Prokom (Poland)","country":"Lithuania","yearsPro":"4"},{"name":"Quincy Pondexter","position":"Guard-Forward","number":"#20","image":"http://ak-static.cms.nba.com/wp-content/uploads/headshots/nba/latest/260x190/202347.png","games":"0","ppg":"0.0","rpg":"0.0","apg":"0.0","height":"6' 7","weight":"225lbs","dob":"03/10/1988","priorTeam":"Washington","country":"USA","yearsPro":"5"},{"name":"Axel Toupane","position":"Guard-Forward","number":"#10","image":"http://ak-static.cms.nba.com/wp-content/uploads/headshots/nba/latest/260x190/1626253.png","games":"4","ppg":"2.8","rpg":"0.3","apg":"0.0","height":"6' 7","weight":"210lbs","dob":"07/23/1992","priorTeam":"France","country":"France","yearsPro":"1"}]}