{"abbr":"OKC","logo":"content/images/logo_okc.png","players":[{"name":"Alex Abrines","position":"Guard-Forward","number":"#8","image":"http://ak-static.cms.nba.com/wp-content/uploads/headshots/nba/latest/260x190/203518.png","games":"68","ppg":"6.0","rpg":"1.3","apg":"0.6","height":"6' 6","weight":"190lbs","dob":"08/01/1993","priorTeam":"Spain","country":"Spain","yearsPro":"0"},{"name":"Steven Adams","position":"Center","number":"#12","image":"http://ak-static.cms.nba.com/wp-content/uploads/headshots/nba/latest/260x190/203500.png","games":"80","ppg":"11.3","rpg":"7.7","apg":"1.1","height":"7' 0","weight":"255lbs","dob":"07/20/1993","priorTeam":"Pittsburgh","country":"New Zealand","yearsPro":"3"},{"name":"Semaj Christon","position":"Guard","number":"#6","image":"http://ak-static.cms.nba.com/wp-content/uploads/headshots/nba/latest/260x190/203902.png","games":"64","ppg":"2.9","rpg":"1.4","apg":"2.0","height":"6' 3","weight":"190lbs","dob":"11/01/1992","priorTeam":"Xavier (Ohio)","country":"USA","yearsPro":"0"},{"name":"Norris Cole","position":"Guard","number":"#30","image":"http://ak-static.cms.nba.com/wp-content/uploads/headshots/nba/latest/260x190/202708.png","games":"13","ppg":"3.3","rpg":"0.8","apg":"1.1","height":"6' 2","weight":"175lbs","dob":"10/13/1988","priorTeam":"Cleveland State","country":"USA","yearsPro":"5"},{"name":"Nick Collison","position":"Forward","number":"#4","image":"http://ak-static.cms.nba.com/wp-content/uploads/headshots/nba/latest/260x190/2555.png","games":"20","ppg":"1.7","rpg":"1.6","apg":"0.6","height":"6' 10","weight":"255lbs","dob":"10/26/1980","priorTeam":"Kansas","country":"USA","yearsPro":"12"},{"name":"Taj Gibson","position":"Forward","number":"#22","image":"http://ak-static.cms.nba.com/wp-content/uploads/headshots/nba/latest/260x190/201959.png","games":"78","ppg":"10.8","rpg":"6.2","apg":"0.9","height":"6' 9","weight":"236lbs","dob":"06/24/1985","priorTeam":"USC","country":"USA","yearsPro":"7"},{"name":"Jerami Grant","position":"Forward","number":"#9","image":"http://ak-static.cms.nba.com/wp-content/uploads/headshots/nba/latest/260x190/203924.png","games":"80","ppg":"5.5","rpg":"2.6","apg":"0.6","height":"6' 9","weight":"210lbs","dob":"03/12/1994","priorTeam":"Syracuse","country":"USA","yearsPro":"2"},{"name":"Josh Huestis","position":"Forward","number":"#34","image":"http://ak-static.cms.nba.com/wp-content/uploads/headshots/nba/latest/260x190/203962.png","games":"2","ppg":"7.0","rpg":"4.5","apg":"1.5","height":"6' 7","weight":"230lbs","dob":"12/19/1991","priorTeam":"Stanford","country":"USA","yearsPro":"1"},{"name":"Enes Kanter","position":"Center","number":"#11","image":"http://ak-static.cms.nba.com/wp-content/uploads/headshots/nba/latest/260x190/202683.png","games":"72","ppg":"14.3","rpg":"6.7","apg":"0.9","height":"6' 11","weight":"245lbs","dob":"05/20/1992","priorTeam":"Fenerbahce Ulker","country":"Turkey","yearsPro":"5"},{"name":"Doug McDermott","position":"Forward","number":"#25","image":"http://ak-static.cms.nba.com/wp-content/uploads/headshots/nba/latest/260x190/203926.png","games":"66","ppg":"9.0","rpg":"2.7","apg":"0.9","height":"6' 8","weight":"219lbs","dob":"01/03/1992","priorTeam":"Creighton","country":"USA","yearsPro":"2"},{"name":"Victor Oladipo","position":"Guard","number":"#5","image":"http://ak-static.cms.nba.com/wp-content/uploads/headshots/nba/latest/260x190/203506.png","games":"67","ppg":"15.9","rpg":"4.3","apg":"2.6","height":"6' 4","weight":"210lbs","dob":"05/04/1992","priorTeam":"Indiana","country":"USA","yearsPro":"3"},{"name":"Andre Roberson","position":"Forward","number":"#21","image":"http://ak-static.cms.nba.com/wp-content/uploads/headshots/nba/latest/260x190/203460.png","games":"79","ppg":"6.6","rpg":"5.1","apg":"1.0","height":"6' 7","weight":"210lbs","dob":"12/04/1991","priorTeam":"Colorado","country":"USA","yearsPro":"3"},{"name":"Domantas Sabonis","position":"Forward","number":"#3","image":"http://ak-static.cms.nba.com/wp-content/uploads/headshots/nba/latest/260x190/1627734.png","games":"81","ppg":"5.9","rpg":"3.6","apg":"1.0","height":"6' 11","weight":"240lbs","dob":"05/03/1996","priorTeam":"Gonzaga","country":"Lithuania","yearsPro":"0"},{"name":"Kyle Singler","position":"Forward","number":"#15","image":"http://ak-static.cms.nba.com/wp-content/uploads/headshots/nba/latest/260x190/202713.png","games":"32","ppg":"2.8","rpg":"1.5","apg":"0.3","height":"6' 8","weight":"228lbs","dob":"05/04/1988","priorTeam":"Duke","country":"USA","yearsPro":"4"},{"name":"Russell Westbrook","position":"Guard","number":"#0","image":"http://ak-static.cms.nba.com/wp-content/uploads/headshots/nba/latest/260x190/201566.png","games":"81","ppg":"31.6","rpg":"10.7","apg":"10.4","height":"6' 3","weight":"200lbs","dob":"11/12/1988","priorTeam":"UCLA","country":"USA","yearsPro":"8"}]}