{"abbr":"ORL","logo":"content/images/logo_orl.png","players":[{"name":"D.J. Augustin","position":"Guard","number":"#14","image":"http://ak-static.cms.nba.com/wp-content/uploads/headshots/nba/latest/260x190/201571.png","games":"78","ppg":"7.9","rpg":"1.5","apg":"2.7","height":"6' 0","weight":"183lbs","dob":"11/10/1987","priorTeam":"Texas","country":"USA","yearsPro":"8"},{"name":"Bismack Biyombo","position":"Center-Forward","number":"#11","image":"http://ak-static.cms.nba.com/wp-content/uploads/headshots/nba/latest/260x190/202687.png","games":"81","ppg":"6.0","rpg":"7.0","apg":"0.9","height":"6' 9","weight":"255lbs","dob":"08/28/1992","priorTeam":"Baloncesto Fuenlabrada","country":"DRC","yearsPro":"5"},{"name":"Evan Fournier","position":"Guard","number":"#10","image":"http://ak-static.cms.nba.com/wp-content/uploads/headshots/nba/latest/260x190/203095.png","games":"68","ppg":"17.2","rpg":"3.1","apg":"3.0","height":"6' 7","weight":"205lbs","dob":"10/29/1992","priorTeam":"Poitiers Basket 86 (France)","country":"France","yearsPro":"4"},{"name":"Patricio Garino","position":"Guard-Forward","number":"#29","image":"http://ak-static.cms.nba.com/wp-content/uploads/headshots/nba/latest/260x190/1627868.png","games":"5","ppg":"0.0","rpg":"1.4","apg":"0.0","height":"6' 6","weight":"203lbs","dob":"05/17/1993","priorTeam":"George Washington","country":"Argentina","yearsPro":"0"},{"name":"Marcus Georges-Hunt","position":"Guard","number":"#13","image":"http://ak-static.cms.nba.com/wp-content/uploads/headshots/nba/latest/260x190/1627875.png","games":"5","ppg":"2.8","rpg":"1.8","apg":"0.6","height":"6' 6","weight":"220lbs","dob":"03/28/1994","priorTeam":"Georgia Tech","country":"USA","yearsPro":"0"},{"name":"Aaron Gordon","position":"Forward","number":"#00","image":"http://ak-static.cms.nba.com/wp-content/uploads/headshots/nba/latest/260x190/203932.png","games":"80","ppg":"12.7","rpg":"5.1","apg":"1.9","height":"6' 9","weight":"220lbs","dob":"09/16/1995","priorTeam":"Arizona","country":"USA","yearsPro":"2"},{"name":"Jeff Green","position":"Forward","number":"#34","image":"http://ak-static.cms.nba.com/wp-content/uploads/headshots/nba/latest/260x190/201145.png","games":"69","ppg":"9.2","rpg":"3.1","apg":"1.2","height":"6' 9","weight":"235lbs","dob":"08/28/1986","priorTeam":"Georgetown","country":"USA","yearsPro":"8"},{"name":"Mario Hezonja","position":"Guard-Forward","number":"#8","image":"http://ak-static.cms.nba.com/wp-content/uploads/headshots/nba/latest/260x190/1626209.png","games":"65","ppg":"4.9","rpg":"2.2","apg":"1.0","height":"6' 8","weight":"218lbs","dob":"02/25/1995","priorTeam":"FC Barcelona","country":"Croatia","yearsPro":"1"},{"name":"Jodie Meeks","position":"Guard","number":"#20","image":"http://ak-static.cms.nba.com/wp-content/uploads/headshots/nba/latest/260x190/201975.png","games":"36","ppg":"9.1","rpg":"2.1","apg":"1.3","height":"6' 4","weight":"210lbs","dob":"08/21/1987","priorTeam":"Kentucky","country":"USA","yearsPro":"7"},{"name":"Elfrid Payton","position":"Guard","number":"#4","image":"http://ak-static.cms.nba.com/wp-content/uploads/headshots/nba/latest/260x190/203901.png","games":"82","ppg":"12.8","rpg":"4.7","apg":"6.5","height":"6' 4","weight":"185lbs","dob":"02/22/1994","priorTeam":"Louisiana-Lafayette","country":"USA","yearsPro":"2"},{"name":"Terrence Ross","position":"Forward","number":"#31","image":"http://ak-static.cms.nba.com/wp-content/uploads/headshots/nba/latest/260x190/203082.png","games":"78","ppg":"11.0","rpg":"2.6","apg":"1.1","height":"6' 7","weight":"195lbs","dob":"02/05/1991","priorTeam":"Washington","country":"USA","yearsPro":"4"},{"name":"Damjan Rudez","position":"Forward","number":"#3","image":"http://ak-static.cms.nba.com/wp-content/uploads/headshots/nba/latest/260x190/204014.png","games":"45","ppg":"1.8","rpg":"0.6","apg":"0.4","height":"6' 10","weight":"228lbs","dob":"06/17/1986","priorTeam":"CAI Zaragoza (Spain)","country":"Croatia","yearsPro":"2"},{"name":"Nikola Vucevic","position":"Center","number":"#9","image":"http://ak-static.cms.nba.com/wp-content/uploads/headshots/nba/latest/260x190/202696.png","games":"75","ppg":"14.6","rpg":"10.4","apg":"2.8","height":"7' 0","weight":"260lbs","dob":"10/24/1990","priorTeam":"USC","country":"Montenegro","yearsPro":"5"},{"name":"C.J. Watson","position":"Guard","number":"#32","image":"http://ak-static.cms.nba.com/wp-content/uploads/headshots/nba/latest/260x190/201228.png","games":"62","ppg":"4.5","rpg":"1.4","apg":"1.8","height":"6' 2","weight":"175lbs","dob":"04/17/1984","priorTeam":"Tennessee","country":"USA","yearsPro":"9"},{"name":"Stephen Zimmerman","position":"Center","number":"#33","image":"http://ak-static.cms.nba.com/wp-content/uploads/headshots/nba/latest/260x190/1627757.png","games":"19","ppg":"1.2","rpg":"1.8","apg":"0.2","height":"7' 0","weight":"240lbs","dob":"09/09/1996","priorTeam":"Nevada-Las Vegas","country":"USA","yearsPro":"0"}]}