{"abbr":"PHI","logo":"content/images/logo_phi.png","players":[{"name":"Justin Anderson","position":"Guard-Forward","number":"#23","image":"http://ak-static.cms.nba.com/wp-content/uploads/headshots/nba/latest/260x190/1626147.png","games":"75","ppg":"7.1","rpg":"3.3","apg":"0.9","height":"6' 6","weight":"228lbs","dob":"11/19/1993","priorTeam":"Virginia","country":"USA","yearsPro":"1"},{"name":"Jerryd Bayless","position":"Guard","number":"#0","image":"http://ak-static.cms.nba.com/wp-content/uploads/headshots/nba/latest/260x190/201573.png","games":"3","ppg":"11.0","rpg":"4.0","apg":"4.3","height":"6' 3","weight":"200lbs","dob":"08/20/1988","priorTeam":"Arizona","country":"USA","yearsPro":"8"},{"name":"Robert Covington","position":"Forward","number":"#33","image":"http://ak-static.cms.nba.com/wp-content/uploads/headshots/nba/latest/260x190/203496.png","games":"67","ppg":"12.9","rpg":"6.5","apg":"1.5","height":"6' 9","weight":"215lbs","dob":"12/14/1990","priorTeam":"Tennessee State","country":"USA","yearsPro":"3"},{"name":"Joel Embiid","position":"Center","number":"#21","image":"http://ak-static.cms.nba.com/wp-content/uploads/headshots/nba/latest/260x190/203954.png","games":"31","ppg":"20.2","rpg":"7.8","apg":"2.1","height":"7' 0","weight":"250lbs","dob":"03/16/1994","priorTeam":"Kansas","country":"Cameroon","yearsPro":"0"},{"name":"Gerald Henderson","position":"Guard","number":"#12","image":"http://ak-static.cms.nba.com/wp-content/uploads/headshots/nba/latest/260x190/201945.png","games":"72","ppg":"9.2","rpg":"2.6","apg":"1.6","height":"6' 5","weight":"215lbs","dob":"12/09/1987","priorTeam":"Duke","country":"USA","yearsPro":"7"},{"name":"Richaun Holmes","position":"Forward","number":"#22","image":"http://ak-static.cms.nba.com/wp-content/uploads/headshots/nba/latest/260x190/1626158.png","games":"57","ppg":"9.8","rpg":"5.5","apg":"1.0","height":"6' 10","weight":"245lbs","dob":"10/15/1993","priorTeam":"Bowling Green State","country":"USA","yearsPro":"1"},{"name":"Shawn Long","position":"Forward","number":"#36","image":"http://ak-static.cms.nba.com/wp-content/uploads/headshots/nba/latest/260x190/1627848.png","games":"18","ppg":"8.2","rpg":"4.7","apg":"0.7","height":"6' 9","weight":"255lbs","dob":"01/29/1993","priorTeam":"Louisiana-Lafayette","country":"USA","yearsPro":"0"},{"name":"Timothe Luwawu-Cabarrot","position":"Guard-Forward","number":"#20","image":"http://ak-static.cms.nba.com/wp-content/uploads/headshots/nba/latest/260x190/1627789.png","games":"69","ppg":"6.4","rpg":"2.2","apg":"1.1","height":"6' 6","weight":"205lbs","dob":"05/09/1995","priorTeam":"France","country":"France","yearsPro":"0"},{"name":"T.J. McConnell","position":"Guard","number":"#1","image":"http://ak-static.cms.nba.com/wp-content/uploads/headshots/nba/latest/260x190/204456.png","games":"81","ppg":"6.9","rpg":"3.1","apg":"6.6","height":"6' 2","weight":"200lbs","dob":"03/25/1992","priorTeam":"Arizona","country":"USA","yearsPro":"1"},{"name":"Jahlil Okafor","position":"Center","number":"#8","image":"http://ak-static.cms.nba.com/wp-content/uploads/headshots/nba/latest/260x190/1626143.png","games":"50","ppg":"11.8","rpg":"4.8","apg":"1.2","height":"6' 11","weight":"275lbs","dob":"12/15/1995","priorTeam":"Duke","country":"USA","yearsPro":"1"},{"name":"Alex Poythress","position":"Forward","number":"#5","image":"http://ak-static.cms.nba.com/wp-content/uploads/headshots/nba/latest/260x190/1627816.png","games":"6","ppg":"10.7","rpg":"4.8","apg":"0.8","height":"6' 7","weight":"238lbs","dob":"09/06/1993","priorTeam":"Kentucky","country":"USA","yearsPro":"0"},{"name":"Sergio Rodriguez","position":"Guard","number":"#14","image":"http://ak-static.cms.nba.com/wp-content/uploads/headshots/nba/latest/260x190/200771.png","games":"68","ppg":"7.8","rpg":"2.3","apg":"5.1","height":"6' 3","weight":"176lbs","dob":"06/12/1986","priorTeam":"Spain","country":"Spain","yearsPro":"4"},{"name":"Dario Saric","position":"Forward","number":"#9","image":"http://ak-static.cms.nba.com/wp-content/uploads/headshots/nba/latest/260x190/203967.png","games":"81","ppg":"12.8","rpg":"6.3","apg":"2.2","height":"6' 10","weight":"223lbs","dob":"04/08/1994","priorTeam":"Anadolu Efes (Turkey)","country":"Croatia","yearsPro":"0"},{"name":"Ben Simmons","position":"Forward","number":"#25","image":"http://ak-static.cms.nba.com/wp-content/uploads/headshots/nba/latest/260x190/1627732.png","games":"0","ppg":"0.0","rpg":"0.0","apg":"0.0","height":"6' 10","weight":"240lbs","dob":"07/20/1996","priorTeam":"Louisiana State","country":"Australia","yearsPro":"0"},{"name":"Tiago Splitter","position":"Center-Forward","number":"#47","image":"http://ak-static.cms.nba.com/wp-content/uploads/headshots/nba/latest/260x190/201168.png","games":"8","ppg":"4.9","rpg":"2.8","apg":"0.5","height":"6' 11","weight":"245lbs","dob":"01/01/1985","priorTeam":"Saski Baskonia","country":"Brazil","yearsPro":"6"},{"name":"Nik Stauskas","position":"Guard","number":"#11","image":"http://ak-static.cms.nba.com/wp-content/uploads/headshots/nba/latest/260x190/203917.png","games":"80","ppg":"9.5","rpg":"2.8","apg":"2.4","height":"6' 6","weight":"205lbs","dob":"10/07/1993","priorTeam":"Michigan","country":"Canada","yearsPro":"2"}]}