{"abbr":"PHX","logo":"content/images/logo_phx.png","players":[{"name":"Leandro Barbosa","position":"Guard","number":"#19","image":"http://ak-static.cms.nba.com/wp-content/uploads/headshots/nba/latest/260x190/2571.png","games":"67","ppg":"6.3","rpg":"1.6","apg":"1.2","height":"6' 3","weight":"194lbs","dob":"11/28/1982","priorTeam":"Palmeiras","country":"Brazil","yearsPro":"13"},{"name":"Dragan Bender","position":"Forward","number":"#35","image":"http://ak-static.cms.nba.com/wp-content/uploads/headshots/nba/latest/260x190/1627733.png","games":"43","ppg":"3.4","rpg":"2.4","apg":"0.5","height":"7' 1","weight":"225lbs","dob":"11/17/1997","priorTeam":"Maccabi Tel Aviv","country":"Croatia","yearsPro":"0"},{"name":"Eric Bledsoe","position":"Guard","number":"#2","image":"http://ak-static.cms.nba.com/wp-content/uploads/headshots/nba/latest/260x190/202339.png","games":"66","ppg":"21.1","rpg":"4.8","apg":"6.3","height":"6' 1","weight":"205lbs","dob":"12/09/1989","priorTeam":"Kentucky","country":"USA","yearsPro":"6"},{"name":"Devin Booker","position":"Guard","number":"#1","image":"http://ak-static.cms.nba.com/wp-content/uploads/headshots/nba/latest/260x190/1626164.png","games":"78","ppg":"22.1","rpg":"3.2","apg":"3.4","height":"6' 6","weight":"206lbs","dob":"10/30/1996","priorTeam":"Kentucky","country":"USA","yearsPro":"1"},{"name":"Tyson Chandler","position":"Center","number":"#4","image":"http://ak-static.cms.nba.com/wp-content/uploads/headshots/nba/latest/260x190/2199.png","games":"47","ppg":"8.4","rpg":"11.5","apg":"0.6","height":"7' 1","weight":"240lbs","dob":"10/02/1982","priorTeam":"Dominguez HS (CA)","country":"USA","yearsPro":"15"},{"name":"Marquese Chriss","position":"Forward","number":"#0","image":"http://ak-static.cms.nba.com/wp-content/uploads/headshots/nba/latest/260x190/1627737.png","games":"82","ppg":"9.2","rpg":"4.2","apg":"0.7","height":"6' 10","weight":"233lbs","dob":"07/02/1997","priorTeam":"Washington","country":"USA","yearsPro":"0"},{"name":"Jared Dudley","position":"Forward","number":"#3","image":"http://ak-static.cms.nba.com/wp-content/uploads/headshots/nba/latest/260x190/201162.png","games":"64","ppg":"6.8","rpg":"3.5","apg":"1.9","height":"6' 7","weight":"225lbs","dob":"07/10/1985","priorTeam":"Boston College","country":"USA","yearsPro":"9"},{"name":"Derrick Jones Jr.","position":"Forward","number":"#10","image":"http://ak-static.cms.nba.com/wp-content/uploads/headshots/nba/latest/260x190/1627884.png","games":"32","ppg":"5.3","rpg":"2.5","apg":"0.4","height":"6' 7","weight":"190lbs","dob":"02/15/1997","priorTeam":"Nevada-Las Vegas","country":"USA","yearsPro":"0"},{"name":"Brandon Knight","position":"Guard","number":"#11","image":"http://ak-static.cms.nba.com/wp-content/uploads/headshots/nba/latest/260x190/202688.png","games":"54","ppg":"11.0","rpg":"2.2","apg":"2.4","height":"6' 3","weight":"195lbs","dob":"12/02/1991","priorTeam":"Kentucky","country":"USA","yearsPro":"5"},{"name":"Alex Len","position":"Center","number":"#21","image":"http://ak-static.cms.nba.com/wp-content/uploads/headshots/nba/latest/260x190/203458.png","games":"77","ppg":"8.0","rpg":"6.6","apg":"0.6","height":"7' 1","weight":"260lbs","dob":"06/16/1993","priorTeam":"Maryland","country":"Ukraine","yearsPro":"3"},{"name":"Elijah Millsap","position":"Guard-Forward","number":"#22","image":"http://ak-static.cms.nba.com/wp-content/uploads/headshots/nba/latest/260x190/202407.png","games":"2","ppg":"1.5","rpg":"3.0","apg":"0.5","height":"6' 7","weight":"215lbs","dob":"08/12/1987","priorTeam":"Alabama-Birmingham","country":"USA","yearsPro":"2"},{"name":"Ronnie Price","position":"Guard","number":"#14","image":"http://ak-static.cms.nba.com/wp-content/uploads/headshots/nba/latest/260x190/101179.png","games":"14","ppg":"1.0","rpg":"0.8","apg":"1.3","height":"6' 2","weight":"190lbs","dob":"06/21/1983","priorTeam":"Utah Valley University","country":"USA","yearsPro":"11"},{"name":"Tyler Ulis","position":"Guard","number":"#8","image":"http://ak-static.cms.nba.com/wp-content/uploads/headshots/nba/latest/260x190/1627755.png","games":"61","ppg":"7.3","rpg":"1.6","apg":"3.7","height":"5' 10","weight":"150lbs","dob":"01/05/1996","priorTeam":"Kentucky","country":"USA","yearsPro":"0"},{"name":"TJ Warren","position":"Forward","number":"#12","image":"http://ak-static.cms.nba.com/wp-content/uploads/headshots/nba/latest/260x190/203933.png","games":"66","ppg":"14.4","rpg":"5.1","apg":"1.1","height":"6' 8","weight":"225lbs","dob":"09/05/1993","priorTeam":"North Carolina State","country":"USA","yearsPro":"2"},{"name":"Alan Williams","position":"Forward-Center","number":"#15","image":"http://ak-static.cms.nba.com/wp-content/uploads/headshots/nba/latest/260x190/1626210.png","games":"47","ppg":"7.4","rpg":"6.2","apg":"0.5","height":"6' 8","weight":"260lbs","dob":"01/28/1993","priorTeam":"California-Santa Barbara","country":"USA","yearsPro":"1"}]}