{"abbr":"POR","logo":"content/images/logo_por.png","players":[{"name":"Al-Farouq Aminu","position":"Forward","number":"#8","image":"http://ak-static.cms.nba.com/wp-content/uploads/headshots/nba/latest/260x190/202329.png","games":"61","ppg":"8.7","rpg":"7.4","apg":"1.6","height":"6' 9","weight":"220lbs","dob":"09/21/1990","priorTeam":"Wake Forest","country":"USA","yearsPro":"6"},{"name":"Pat Connaughton","position":"Guard-Forward","number":"#5","image":"http://ak-static.cms.nba.com/wp-content/uploads/headshots/nba/latest/260x190/1626192.png","games":"39","ppg":"2.5","rpg":"1.3","apg":"0.7","height":"6' 5","weight":"210lbs","dob":"01/06/1993","priorTeam":"Notre Dame","country":"USA","yearsPro":"1"},{"name":"Allen Crabbe","position":"Guard","number":"#23","image":"http://ak-static.cms.nba.com/wp-content/uploads/headshots/nba/latest/260x190/203459.png","games":"79","ppg":"10.7","rpg":"2.9","apg":"1.2","height":"6' 6","weight":"215lbs","dob":"04/09/1992","priorTeam":"California","country":"USA","yearsPro":"3"},{"name":"Ed Davis","position":"Forward","number":"#17","image":"http://ak-static.cms.nba.com/wp-content/uploads/headshots/nba/latest/260x190/202334.png","games":"46","ppg":"4.3","rpg":"5.3","apg":"0.6","height":"6' 10","weight":"245lbs","dob":"06/05/1989","priorTeam":"North Carolina","country":"USA","yearsPro":"6"},{"name":"Festus Ezeli","position":"Center","number":"#31","image":"http://ak-static.cms.nba.com/wp-content/uploads/headshots/nba/latest/260x190/203105.png","games":"0","ppg":"0.0","rpg":"0.0","apg":"0.0","height":"6' 11","weight":"265lbs","dob":"10/21/1989","priorTeam":"Vanderbilt","country":"Nigeria","yearsPro":"3"},{"name":"Maurice Harkless","position":"Forward","number":"#4","image":"http://ak-static.cms.nba.com/wp-content/uploads/headshots/nba/latest/260x190/203090.png","games":"77","ppg":"10.0","rpg":"4.4","apg":"1.1","height":"6' 9","weight":"220lbs","dob":"05/11/1993","priorTeam":"St. John's (N.Y.)","country":"USA","yearsPro":"4"},{"name":"Jake Layman","position":"Forward","number":"#10","image":"http://ak-static.cms.nba.com/wp-content/uploads/headshots/nba/latest/260x190/1627774.png","games":"35","ppg":"2.2","rpg":"0.7","apg":"0.3","height":"6' 9","weight":"210lbs","dob":"03/07/1994","priorTeam":"Maryland","country":"USA","yearsPro":"0"},{"name":"Meyers Leonard","position":"Forward-Center","number":"#11","image":"http://ak-static.cms.nba.com/wp-content/uploads/headshots/nba/latest/260x190/203086.png","games":"74","ppg":"5.4","rpg":"3.2","apg":"1.0","height":"7' 1","weight":"255lbs","dob":"02/27/1992","priorTeam":"Illinois","country":"USA","yearsPro":"4"},{"name":"Damian Lillard","position":"Guard","number":"#0","image":"http://ak-static.cms.nba.com/wp-content/uploads/headshots/nba/latest/260x190/203081.png","games":"75","ppg":"27.0","rpg":"4.9","apg":"5.9","height":"6' 3","weight":"195lbs","dob":"07/15/1990","priorTeam":"Weber State","country":"USA","yearsPro":"4"},{"name":"CJ McCollum","position":"Guard","number":"#3","image":"http://ak-static.cms.nba.com/wp-content/uploads/headshots/nba/latest/260x190/203468.png","games":"80","ppg":"23.0","rpg":"3.6","apg":"3.6","height":"6' 3","weight":"190lbs","dob":"09/19/1991","priorTeam":"Lehigh","country":"USA","yearsPro":"3"},{"name":"Shabazz Napier","position":"Guard","number":"#6","image":"http://ak-static.cms.nba.com/wp-content/uploads/headshots/nba/latest/260x190/203894.png","games":"53","ppg":"4.1","rpg":"1.2","apg":"1.3","height":"6' 1","weight":"175lbs","dob":"07/14/1991","priorTeam":"Connecticut","country":"USA","yearsPro":"2"},{"name":"Jusuf Nurkic","position":"Center","number":"#27","image":"http://ak-static.cms.nba.com/wp-content/uploads/headshots/nba/latest/260x190/203994.png","games":"65","ppg":"10.2","rpg":"7.2","apg":"1.9","height":"7' 0","weight":"280lbs","dob":"08/23/1994","priorTeam":"Cedevita Zagreb","country":"Bosnia & Herzegovina","yearsPro":"2"},{"name":"Tim Quarterman","position":"Guard","number":"#55","image":"http://ak-static.cms.nba.com/wp-content/uploads/headshots/nba/latest/260x190/1627817.png","games":"16","ppg":"1.9","rpg":"0.9","apg":"0.7","height":"6' 6","weight":"190lbs","dob":"10/27/1994","priorTeam":"Louisiana State","country":"USA","yearsPro":"0"},{"name":"Evan Turner","position":"Guard-Forward","number":"#1","image":"http://ak-static.cms.nba.com/wp-content/uploads/headshots/nba/latest/260x190/202323.png","games":"65","ppg":"9.0","rpg":"3.8","apg":"3.2","height":"6' 7","weight":"220lbs","dob":"10/27/1988","priorTeam":"Ohio State","country":"USA","yearsPro":"6"},{"name":"Noah Vonleh","position":"Forward","number":"#21","image":"http://ak-static.cms.nba.com/wp-content/uploads/headshots/nba/latest/260x190/203943.png","games":"74","ppg":"4.4","rpg":"5.2","apg":"0.4","height":"6' 9","weight":"245lbs","dob":"08/24/1995","priorTeam":"Indiana","country":"USA","yearsPro":"2"}]}