{"abbr":"SA","logo":"content/images/logo_sa.png","players":[{"name":"LaMarcus Aldridge","position":"Forward","number":"#12","image":"http://ak-static.cms.nba.com/wp-content/uploads/headshots/nba/latest/260x190/200746.png","games":"72","ppg":"17.3","rpg":"7.3","apg":"1.9","height":"6' 11","weight":"260lbs","dob":"07/19/1985","priorTeam":"Texas","country":"USA","yearsPro":"10"},{"name":"Kyle Anderson","position":"Guard-Forward","number":"#1","image":"http://ak-static.cms.nba.com/wp-content/uploads/headshots/nba/latest/260x190/203937.png","games":"72","ppg":"3.4","rpg":"2.9","apg":"1.3","height":"6' 9","weight":"230lbs","dob":"09/20/1993","priorTeam":"UCLA","country":"USA","yearsPro":"2"},{"name":"Joel Anthony","position":"Center","number":"#30","image":"http://ak-static.cms.nba.com/wp-content/uploads/headshots/nba/latest/260x190/201202.png","games":"19","ppg":"1.3","rpg":"1.6","apg":"0.2","height":"6' 9","weight":"245lbs","dob":"08/09/1982","priorTeam":"UNLV","country":"Canada","yearsPro":"9"},{"name":"Davis Bertans","position":"Forward","number":"#42","image":"http://ak-static.cms.nba.com/wp-content/uploads/headshots/nba/latest/260x190/202722.png","games":"67","ppg":"4.5","rpg":"1.5","apg":"0.7","height":"6' 10","weight":"210lbs","dob":"11/12/1992","priorTeam":"Laboral Kutxa (Spain)","country":"Latvia","yearsPro":"0"},{"name":"Dewayne Dedmon","position":"Center","number":"#3","image":"http://ak-static.cms.nba.com/wp-content/uploads/headshots/nba/latest/260x190/203473.png","games":"76","ppg":"5.1","rpg":"6.5","apg":"0.6","height":"7' 0","weight":"245lbs","dob":"08/12/1989","priorTeam":"USC","country":"USA","yearsPro":"3"},{"name":"Bryn Forbes","position":"Guard","number":"#11","image":"http://ak-static.cms.nba.com/wp-content/uploads/headshots/nba/latest/260x190/1627854.png","games":"36","ppg":"2.6","rpg":"0.6","apg":"0.7","height":"6' 3","weight":"190lbs","dob":"07/23/1993","priorTeam":"Michigan State","country":"USA","yearsPro":"0"},{"name":"Pau Gasol","position":"Center","number":"#16","image":"http://ak-static.cms.nba.com/wp-content/uploads/headshots/nba/latest/260x190/2200.png","games":"64","ppg":"12.4","rpg":"7.8","apg":"2.3","height":"7' 0","weight":"250lbs","dob":"07/06/1980","priorTeam":"FC Barcelona","country":"Spain","yearsPro":"15"},{"name":"Manu Ginobili","position":"Guard","number":"#20","image":"http://ak-static.cms.nba.com/wp-content/uploads/headshots/nba/latest/260x190/1938.png","games":"69","ppg":"7.5","rpg":"2.3","apg":"2.7","height":"6' 6","weight":"205lbs","dob":"07/28/1977","priorTeam":"Kinder Bologna","country":"Argentina","yearsPro":"14"},{"name":"Danny Green","position":"Guard-Forward","number":"#14","image":"http://ak-static.cms.nba.com/wp-content/uploads/headshots/nba/latest/260x190/201980.png","games":"68","ppg":"7.3","rpg":"3.3","apg":"1.8","height":"6' 6","weight":"215lbs","dob":"06/22/1987","priorTeam":"North Carolina","country":"USA","yearsPro":"7"},{"name":"David Lee","position":"Forward-Center","number":"#10","image":"http://ak-static.cms.nba.com/wp-content/uploads/headshots/nba/latest/260x190/101135.png","games":"79","ppg":"7.3","rpg":"5.6","apg":"1.6","height":"6' 9","weight":"245lbs","dob":"04/29/1983","priorTeam":"Florida","country":"USA","yearsPro":"11"},{"name":"Kawhi Leonard","position":"Forward","number":"#2","image":"http://ak-static.cms.nba.com/wp-content/uploads/headshots/nba/latest/260x190/202695.png","games":"74","ppg":"25.5","rpg":"5.8","apg":"3.5","height":"6' 7","weight":"230lbs","dob":"06/29/1991","priorTeam":"San Diego State","country":"USA","yearsPro":"5"},{"name":"Patty Mills","position":"Guard","number":"#8","image":"http://ak-static.cms.nba.com/wp-content/uploads/headshots/nba/latest/260x190/201988.png","games":"80","ppg":"9.5","rpg":"1.8","apg":"3.5","height":"6' 0","weight":"185lbs","dob":"08/11/1988","priorTeam":"St. Mary's (CA)","country":"Australia","yearsPro":"7"},{"name":"Dejounte Murray","position":"Guard","number":"#5","image":"http://ak-static.cms.nba.com/wp-content/uploads/headshots/nba/latest/260x190/1627749.png","games":"38","ppg":"3.4","rpg":"1.1","apg":"1.3","height":"6' 5","weight":"170lbs","dob":"09/19/1996","priorTeam":"Washington","country":"USA","yearsPro":"0"},{"name":"Tony Parker","position":"Guard","number":"#9","image":"http://ak-static.cms.nba.com/wp-content/uploads/headshots/nba/latest/260x190/2225.png","games":"63","ppg":"10.1","rpg":"1.8","apg":"4.5","height":"6' 2","weight":"185lbs","dob":"05/17/1982","priorTeam":"Paris Racing","country":"France","yearsPro":"15"},{"name":"Jonathon Simmons","position":"Guard-Forward","number":"#17","image":"http://ak-static.cms.nba.com/wp-content/uploads/headshots/nba/latest/260x190/203613.png","games":"78","ppg":"6.2","rpg":"2.1","apg":"1.6","height":"6' 6","weight":"195lbs","dob":"09/14/1989","priorTeam":"Houston","country":"USA","yearsPro":"1"}]}