{"abbr":"SAC","logo":"content/images/logo_sac.png","players":[{"name":"Arron Afflalo","position":"Guard","number":"#40","image":"http://ak-static.cms.nba.com/wp-content/uploads/headshots/nba/latest/260x190/201167.png","games":"61","ppg":"8.4","rpg":"2.0","apg":"1.3","height":"6' 5","weight":"210lbs","dob":"10/15/1985","priorTeam":"UCLA","country":"USA","yearsPro":"9"},{"name":"Willie Cauley-Stein","position":"Center","number":"#00","image":"http://ak-static.cms.nba.com/wp-content/uploads/headshots/nba/latest/260x190/1626161.png","games":"75","ppg":"8.1","rpg":"4.5","apg":"1.1","height":"7' 0","weight":"240lbs","dob":"08/18/1993","priorTeam":"Kentucky","country":"USA","yearsPro":"1"},{"name":"Darren Collison","position":"Guard","number":"#7","image":"http://ak-static.cms.nba.com/wp-content/uploads/headshots/nba/latest/260x190/201954.png","games":"68","ppg":"13.2","rpg":"2.2","apg":"4.6","height":"6' 0","weight":"175lbs","dob":"08/23/1987","priorTeam":"UCLA","country":"USA","yearsPro":"7"},{"name":"Tyreke Evans","position":"Guard-Forward","number":"#32","image":"http://ak-static.cms.nba.com/wp-content/uploads/headshots/nba/latest/260x190/201936.png","games":"40","ppg":"10.3","rpg":"3.4","apg":"3.1","height":"6' 6","weight":"220lbs","dob":"09/19/1989","priorTeam":"Memphis","country":"USA","yearsPro":"7"},{"name":"Langston Galloway","position":"Guard","number":"#9","image":"http://ak-static.cms.nba.com/wp-content/uploads/headshots/nba/latest/260x190/204038.png","games":"74","ppg":"7.9","rpg":"2.1","apg":"1.3","height":"6' 2","weight":"200lbs","dob":"12/09/1991","priorTeam":"St. Joseph's (PA)","country":"USA","yearsPro":"2"},{"name":"Rudy Gay","position":"Forward","number":"#8","image":"http://ak-static.cms.nba.com/wp-content/uploads/headshots/nba/latest/260x190/200752.png","games":"30","ppg":"18.7","rpg":"6.3","apg":"2.8","height":"6' 8","weight":"230lbs","dob":"08/17/1986","priorTeam":"Connecticut","country":"USA","yearsPro":"10"},{"name":"Buddy Hield","position":"Guard","number":"#24","image":"http://ak-static.cms.nba.com/wp-content/uploads/headshots/nba/latest/260x190/1627741.png","games":"82","ppg":"10.6","rpg":"3.3","apg":"1.5","height":"6' 4","weight":"214lbs","dob":"12/17/1993","priorTeam":"Oklahoma","country":"Bahamas","yearsPro":"0"},{"name":"Kosta Koufos","position":"Center","number":"#41","image":"http://ak-static.cms.nba.com/wp-content/uploads/headshots/nba/latest/260x190/201585.png","games":"71","ppg":"6.6","rpg":"5.7","apg":"0.7","height":"7' 0","weight":"265lbs","dob":"02/24/1989","priorTeam":"Ohio State","country":"USA","yearsPro":"8"},{"name":"Skal Labissiere","position":"Forward-Center","number":"#3","image":"http://ak-static.cms.nba.com/wp-content/uploads/headshots/nba/latest/260x190/1627746.png","games":"33","ppg":"8.8","rpg":"4.9","apg":"0.8","height":"6' 11","weight":"225lbs","dob":"03/18/1996","priorTeam":"Kentucky","country":"Haiti","yearsPro":"0"},{"name":"Ty Lawson","position":"Guard","number":"#10","image":"http://ak-static.cms.nba.com/wp-content/uploads/headshots/nba/latest/260x190/201951.png","games":"69","ppg":"9.9","rpg":"2.6","apg":"4.8","height":"5' 11","weight":"195lbs","dob":"11/03/1987","priorTeam":"North Carolina","country":"USA","yearsPro":"7"},{"name":"Ben McLemore","position":"Guard","number":"#23","image":"http://ak-static.cms.nba.com/wp-content/uploads/headshots/nba/latest/260x190/203463.png","games":"61","ppg":"8.1","rpg":"2.1","apg":"0.8","height":"6' 5","weight":"195lbs","dob":"02/11/1993","priorTeam":"Kansas","country":"USA","yearsPro":"3"},{"name":"Georgios Papagiannis","position":"Center","number":"#13","image":"http://ak-static.cms.nba.com/wp-content/uploads/headshots/nba/latest/260x190/1627834.png","games":"22","ppg":"5.6","rpg":"3.9","apg":"0.9","height":"7' 1","weight":"240lbs","dob":"07/03/1997","priorTeam":"Greece","country":"Greece","yearsPro":"0"},{"name":"Malachi Richardson","position":"Guard","number":"#5","image":"http://ak-static.cms.nba.com/wp-content/uploads/headshots/nba/latest/260x190/1627781.png","games":"22","ppg":"3.6","rpg":"1.0","apg":"0.5","height":"6' 6","weight":"205lbs","dob":"01/05/1996","priorTeam":"Syracuse","country":"USA","yearsPro":"0"},{"name":"Garrett Temple","position":"Guard","number":"#17","image":"http://ak-static.cms.nba.com/wp-content/uploads/headshots/nba/latest/260x190/202066.png","games":"65","ppg":"7.8","rpg":"2.8","apg":"2.6","height":"6' 6","weight":"195lbs","dob":"05/08/1986","priorTeam":"Louisiana State","country":"USA","yearsPro":"6"},{"name":"Anthony Tolliver","position":"Forward","number":"#43","image":"http://ak-static.cms.nba.com/wp-content/uploads/headshots/nba/latest/260x190/201229.png","games":"65","ppg":"7.1","rpg":"3.6","apg":"1.2","height":"6' 8","weight":"240lbs","dob":"06/01/1985","priorTeam":"Creighton","country":"USA","yearsPro":"8"}]}