{"abbr":"TOR","logo":"content/images/logo_tor.png","players":[{"name":"Bruno Caboclo","position":"Forward","number":"#20","image":"http://ak-static.cms.nba.com/wp-content/uploads/headshots/nba/latest/260x190/203998.png","games":"9","ppg":"1.6","rpg":"1.1","apg":"0.4","height":"6' 9","weight":"205lbs","dob":"09/21/1995","priorTeam":"Brazil","country":"Brazil","yearsPro":"2"},{"name":"DeMarre Carroll","position":"Forward","number":"#5","image":"http://ak-static.cms.nba.com/wp-content/uploads/headshots/nba/latest/260x190/201960.png","games":"72","ppg":"8.9","rpg":"3.8","apg":"1.0","height":"6' 8","weight":"212lbs","dob":"07/27/1986","priorTeam":"Missouri","country":"USA","yearsPro":"7"},{"name":"DeMar DeRozan","position":"Guard","number":"#10","image":"http://ak-static.cms.nba.com/wp-content/uploads/headshots/nba/latest/260x190/201942.png","games":"74","ppg":"27.3","rpg":"5.2","apg":"3.9","height":"6' 7","weight":"220lbs","dob":"08/07/1989","priorTeam":"USC","country":"USA","yearsPro":"7"},{"name":"Serge Ibaka","position":"Forward","number":"#9","image":"http://ak-static.cms.nba.com/wp-content/uploads/headshots/nba/latest/260x190/201586.png","games":"79","ppg":"14.8","rpg":"6.8","apg":"0.9","height":"6' 10","weight":"235lbs","dob":"09/18/1989","priorTeam":"Ricoh Manresa","country":"Congo","yearsPro":"7"},{"name":"Cory Joseph","position":"Guard","number":"#6","image":"http://ak-static.cms.nba.com/wp-content/uploads/headshots/nba/latest/260x190/202709.png","games":"80","ppg":"9.3","rpg":"2.9","apg":"3.3","height":"6' 3","weight":"190lbs","dob":"08/20/1991","priorTeam":"Texas","country":"Canada","yearsPro":"5"},{"name":"Kyle Lowry","position":"Guard","number":"#7","image":"http://ak-static.cms.nba.com/wp-content/uploads/headshots/nba/latest/260x190/200768.png","games":"60","ppg":"22.4","rpg":"4.8","apg":"7.0","height":"6' 0","weight":"205lbs","dob":"03/25/1986","priorTeam":"Villanova","country":"USA","yearsPro":"10"},{"name":"Lucas Nogueira","position":"Center","number":"#92","image":"http://ak-static.cms.nba.com/wp-content/uploads/headshots/nba/latest/260x190/203512.png","games":"57","ppg":"4.4","rpg":"4.3","apg":"0.7","height":"7' 0","weight":"220lbs","dob":"07/26/1992","priorTeam":"Brazil","country":"Brazil","yearsPro":"2"},{"name":"Patrick Patterson","position":"Forward","number":"#54","image":"http://ak-static.cms.nba.com/wp-content/uploads/headshots/nba/latest/260x190/202335.png","games":"65","ppg":"6.8","rpg":"4.5","apg":"1.2","height":"6' 9","weight":"235lbs","dob":"03/14/1989","priorTeam":"Kentucky","country":"USA","yearsPro":"6"},{"name":"Jakob Poeltl","position":"Center","number":"#42","image":"http://ak-static.cms.nba.com/wp-content/uploads/headshots/nba/latest/260x190/1627751.png","games":"54","ppg":"3.1","rpg":"3.1","apg":"0.2","height":"7' 0","weight":"230lbs","dob":"10/15/1995","priorTeam":"Utah","country":"Austria","yearsPro":"0"},{"name":"Norman Powell","position":"Guard","number":"#24","image":"http://ak-static.cms.nba.com/wp-content/uploads/headshots/nba/latest/260x190/1626181.png","games":"76","ppg":"8.4","rpg":"2.2","apg":"1.1","height":"6' 4","weight":"215lbs","dob":"05/25/1993","priorTeam":"UCLA","country":"USA","yearsPro":"1"},{"name":"Pascal Siakam","position":"Forward","number":"#43","image":"http://ak-static.cms.nba.com/wp-content/uploads/headshots/nba/latest/260x190/1627783.png","games":"55","ppg":"4.2","rpg":"3.4","apg":"0.3","height":"6' 9","weight":"230lbs","dob":"04/02/1994","priorTeam":"New Mexico State","country":"Cameroon","yearsPro":"0"},{"name":"PJ Tucker","position":"Forward","number":"#2","image":"http://ak-static.cms.nba.com/wp-content/uploads/headshots/nba/latest/260x190/200782.png","games":"81","ppg":"6.7","rpg":"5.8","apg":"1.2","height":"6' 6","weight":"245lbs","dob":"05/05/1985","priorTeam":"Texas","country":"USA","yearsPro":"5"},{"name":"Jonas Valanciunas","position":"Center","number":"#17","image":"http://ak-static.cms.nba.com/wp-content/uploads/headshots/nba/latest/260x190/202685.png","games":"80","ppg":"12.0","rpg":"9.5","apg":"0.7","height":"7' 0","weight":"255lbs","dob":"05/06/1992","priorTeam":"Lithuania","country":"Lithuania","yearsPro":"4"},{"name":"Fred VanVleet","position":"Guard","number":"#23","image":"http://ak-static.cms.nba.com/wp-content/uploads/headshots/nba/latest/260x190/1627832.png","games":"37","ppg":"2.9","rpg":"1.1","apg":"0.9","height":"6' 0","weight":"195lbs","dob":"02/25/1994","priorTeam":"Wichita State","country":"USA","yearsPro":"0"},{"name":"Delon Wright","position":"Guard","number":"#55","image":"http://ak-static.cms.nba.com/wp-content/uploads/headshots/nba/latest/260x190/1626153.png","games":"27","ppg":"5.6","rpg":"1.8","apg":"2.1","height":"6' 5","weight":"190lbs","dob":"04/26/1992","priorTeam":"Utah","country":"USA","yearsPro":"1"}]}