{"abbr":"UTA","logo":"content/images/logo_uta.png","players":[{"name":"Joel Bolomboy","position":"Forward","number":"#21","image":"http://ak-static.cms.nba.com/wp-content/uploads/headshots/nba/latest/260x190/1627762.png","games":"12","ppg":"1.8","rpg":"1.4","apg":"0.2","height":"6' 9","weight":"235lbs","dob":"01/28/1994","priorTeam":"Weber State","country":"Ukraine","yearsPro":"0"},{"name":"Alec Burks","position":"Guard","number":"#10","image":"http://ak-static.cms.nba.com/wp-content/uploads/headshots/nba/latest/260x190/202692.png","games":"42","ppg":"6.7","rpg":"2.9","apg":"0.7","height":"6' 6","weight":"214lbs","dob":"07/20/1991","priorTeam":"Colorado","country":"USA","yearsPro":"5"},{"name":"Boris Diaw","position":"Center-Forward","number":"#33","image":"http://ak-static.cms.nba.com/wp-content/uploads/headshots/nba/latest/260x190/2564.png","games":"73","ppg":"4.6","rpg":"2.2","apg":"2.3","height":"6' 8","weight":"250lbs","dob":"04/16/1982","priorTeam":"Pau Orthez","country":"France","yearsPro":"13"},{"name":"Dante Exum","position":"Guard","number":"#11","image":"http://ak-static.cms.nba.com/wp-content/uploads/headshots/nba/latest/260x190/203957.png","games":"66","ppg":"6.2","rpg":"2.0","apg":"1.7","height":"6' 6","weight":"190lbs","dob":"07/13/1995","priorTeam":"Australia","country":"Australia","yearsPro":"1"},{"name":"Derrick Favors","position":"Forward-Center","number":"#15","image":"http://ak-static.cms.nba.com/wp-content/uploads/headshots/nba/latest/260x190/202324.png","games":"50","ppg":"9.5","rpg":"6.1","apg":"1.1","height":"6' 10","weight":"265lbs","dob":"07/15/1991","priorTeam":"Georgia Tech","country":"USA","yearsPro":"6"},{"name":"Rudy Gobert","position":"Center","number":"#27","image":"http://ak-static.cms.nba.com/wp-content/uploads/headshots/nba/latest/260x190/203497.png","games":"81","ppg":"14.0","rpg":"12.8","apg":"1.2","height":"7' 1","weight":"245lbs","dob":"06/26/1992","priorTeam":"Cholet Basket","country":"France","yearsPro":"3"},{"name":"Gordon Hayward","position":"Forward","number":"#20","image":"http://ak-static.cms.nba.com/wp-content/uploads/headshots/nba/latest/260x190/202330.png","games":"73","ppg":"21.9","rpg":"5.4","apg":"3.5","height":"6' 8","weight":"226lbs","dob":"03/23/1990","priorTeam":"Butler","country":"USA","yearsPro":"6"},{"name":"George Hill","position":"Guard","number":"#3","image":"http://ak-static.cms.nba.com/wp-content/uploads/headshots/nba/latest/260x190/201588.png","games":"49","ppg":"16.9","rpg":"3.4","apg":"4.2","height":"6' 3","weight":"188lbs","dob":"05/04/1986","priorTeam":"IUPUI","country":"USA","yearsPro":"8"},{"name":"Rodney Hood","position":"Guard","number":"#5","image":"http://ak-static.cms.nba.com/wp-content/uploads/headshots/nba/latest/260x190/203918.png","games":"59","ppg":"12.7","rpg":"3.4","apg":"1.6","height":"6' 8","weight":"206lbs","dob":"10/20/1992","priorTeam":"Duke","country":"USA","yearsPro":"2"},{"name":"Joe Ingles","position":"Forward","number":"#2","image":"http://ak-static.cms.nba.com/wp-content/uploads/headshots/nba/latest/260x190/204060.png","games":"82","ppg":"7.1","rpg":"3.2","apg":"2.7","height":"6' 8","weight":"226lbs","dob":"10/02/1987","priorTeam":"Australia","country":"Australia","yearsPro":"2"},{"name":"Joe Johnson","position":"Forward-Guard","number":"#6","image":"http://ak-static.cms.nba.com/wp-content/uploads/headshots/nba/latest/260x190/2207.png","games":"78","ppg":"9.2","rpg":"3.1","apg":"1.8","height":"6' 7","weight":"240lbs","dob":"06/29/1981","priorTeam":"Arkansas","country":"USA","yearsPro":"15"},{"name":"Trey Lyles","position":"Forward","number":"#41","image":"http://ak-static.cms.nba.com/wp-content/uploads/headshots/nba/latest/260x190/1626168.png","games":"71","ppg":"6.2","rpg":"3.3","apg":"1.0","height":"6' 10","weight":"234lbs","dob":"11/05/1995","priorTeam":"Kentucky","country":"Canada","yearsPro":"1"},{"name":"Shelvin Mack","position":"Guard","number":"#8","image":"http://ak-static.cms.nba.com/wp-content/uploads/headshots/nba/latest/260x190/202714.png","games":"55","ppg":"7.8","rpg":"2.3","apg":"2.8","height":"6' 3","weight":"203lbs","dob":"04/22/1990","priorTeam":"Butler","country":"USA","yearsPro":"5"},{"name":"Raul Neto","position":"Guard","number":"#25","image":"http://ak-static.cms.nba.com/wp-content/uploads/headshots/nba/latest/260x190/203526.png","games":"40","ppg":"2.5","rpg":"0.8","apg":"0.9","height":"6' 1","weight":"179lbs","dob":"05/19/1992","priorTeam":"Brazil","country":"Brazil","yearsPro":"1"},{"name":"Jeff Withey","position":"Center","number":"#24","image":"http://ak-static.cms.nba.com/wp-content/uploads/headshots/nba/latest/260x190/203481.png","games":"51","ppg":"2.9","rpg":"2.4","apg":"0.1","height":"7' 0","weight":"231lbs","dob":"03/07/1990","priorTeam":"Kansas","country":"USA","yearsPro":"3"}]}