{"abbr":"WSH","logo":"content/images/logo_wsh.png","players":[{"name":"Bradley Beal","position":"Guard","number":"#3","image":"http://ak-static.cms.nba.com/wp-content/uploads/headshots/nba/latest/260x190/203078.png","games":"77","ppg":"23.1","rpg":"3.1","apg":"3.5","height":"6' 5","weight":"207lbs","dob":"06/28/1993","priorTeam":"Florida","country":"USA","yearsPro":"4"},{"name":"Bojan Bogdanovic","position":"Guard","number":"#44","image":"http://ak-static.cms.nba.com/wp-content/uploads/headshots/nba/latest/260x190/202711.png","games":"81","ppg":"13.7","rpg":"3.4","apg":"1.4","height":"6' 8","weight":"225lbs","dob":"04/18/1989","priorTeam":"Croatia","country":"Croatia","yearsPro":"2"},{"name":"Trey Burke","position":"Guard","number":"#33","image":"http://ak-static.cms.nba.com/wp-content/uploads/headshots/nba/latest/260x190/203504.png","games":"57","ppg":"5.0","rpg":"0.8","apg":"1.8","height":"6' 1","weight":"191lbs","dob":"11/12/1992","priorTeam":"Michigan","country":"USA","yearsPro":"3"},{"name":"Marcin Gortat","position":"Center","number":"#13","image":"http://ak-static.cms.nba.com/wp-content/uploads/headshots/nba/latest/260x190/101162.png","games":"82","ppg":"10.8","rpg":"10.4","apg":"1.5","height":"6' 11","weight":"240lbs","dob":"02/17/1984","priorTeam":"RheinEnergie Cologne","country":"Poland","yearsPro":"9"},{"name":"Brandon Jennings","position":"Guard","number":"#7","image":"http://ak-static.cms.nba.com/wp-content/uploads/headshots/nba/latest/260x190/201943.png","games":"81","ppg":"7.1","rpg":"2.4","apg":"4.9","height":"6' 1","weight":"170lbs","dob":"09/23/1989","priorTeam":"Oak Hill Academy (Mouth of Wilson, VA)","country":"USA","yearsPro":"7"},{"name":"Ian Mahinmi","position":"Center","number":"#28","image":"http://ak-static.cms.nba.com/wp-content/uploads/headshots/nba/latest/260x190/101133.png","games":"31","ppg":"5.6","rpg":"4.8","apg":"0.6","height":"6' 11","weight":"262lbs","dob":"11/05/1986","priorTeam":"Pau Orthez","country":"France","yearsPro":"8"},{"name":"Sheldon McClellan","position":"Guard-Forward","number":"#9","image":"http://ak-static.cms.nba.com/wp-content/uploads/headshots/nba/latest/260x190/1627815.png","games":"30","ppg":"3.0","rpg":"1.1","apg":"0.5","height":"6' 6","weight":"200lbs","dob":"12/21/1992","priorTeam":"Miami (Fla.)","country":"USA","yearsPro":"0"},{"name":"Chris McCullough","position":"Forward","number":"#1","image":"http://ak-static.cms.nba.com/wp-content/uploads/headshots/nba/latest/260x190/1626191.png","games":"16","ppg":"2.3","rpg":"1.2","apg":"0.1","height":"6' 9","weight":"215lbs","dob":"02/05/1995","priorTeam":"Syracuse","country":"USA","yearsPro":"1"},{"name":"Markieff Morris","position":"Forward","number":"#5","image":"http://ak-static.cms.nba.com/wp-content/uploads/headshots/nba/latest/260x190/202693.png","games":"76","ppg":"14.0","rpg":"6.5","apg":"1.7","height":"6' 10","weight":"245lbs","dob":"09/02/1989","priorTeam":"Kansas","country":"USA","yearsPro":"5"},{"name":"Daniel Ochefu","position":"Forward","number":"#32","image":"http://ak-static.cms.nba.com/wp-content/uploads/headshots/nba/latest/260x190/1627849.png","games":"19","ppg":"1.3","rpg":"1.2","apg":"0.2","height":"6' 11","weight":"245lbs","dob":"12/15/1993","priorTeam":"Villanova","country":"USA","yearsPro":"0"},{"name":"Kelly Oubre Jr.","position":"Forward","number":"#12","image":"http://ak-static.cms.nba.com/wp-content/uploads/headshots/nba/latest/260x190/1626162.png","games":"79","ppg":"6.3","rpg":"3.3","apg":"0.6","height":"6' 7","weight":"205lbs","dob":"12/09/1995","priorTeam":"Kansas","country":"USA","yearsPro":"1"},{"name":"Otto Porter Jr.","position":"Forward","number":"#22","image":"http://ak-static.cms.nba.com/wp-content/uploads/headshots/nba/latest/260x190/203490.png","games":"80","ppg":"13.4","rpg":"6.4","apg":"1.5","height":"6' 8","weight":"198lbs","dob":"06/03/1993","priorTeam":"Georgetown","country":"USA","yearsPro":"3"},{"name":"Tomas Satoransky","position":"Guard-Forward","number":"#31","image":"http://ak-static.cms.nba.com/wp-content/uploads/headshots/nba/latest/260x190/203107.png","games":"57","ppg":"2.7","rpg":"1.5","apg":"1.6","height":"6' 7","weight":"210lbs","dob":"10/30/1991","priorTeam":"Barcelona (Spain)","country":"Czech Republic","yearsPro":"0"},{"name":"Jason Smith","position":"Forward-Center","number":"#14","image":"http://ak-static.cms.nba.com/wp-content/uploads/headshots/nba/latest/260x190/201160.png","games":"74","ppg":"5.7","rpg":"3.5","apg":"0.5","height":"7' 0","weight":"240lbs","dob":"03/02/1986","priorTeam":"Colorado State","country":"USA","yearsPro":"8"},{"name":"John Wall","position":"Guard","number":"#2","image":"http://ak-static.cms.nba.com/wp-content/uploads/headshots/nba/latest/260x190/202322.png","games":"78","ppg":"23.1","rpg":"4.2","apg":"10.7","height":"6' 4","weight":"210lbs","dob":"09/06/1990","priorTeam":"Kentucky","country":"USA","yearsPro":"6"}]}